기초 방어구 마스터리,Basic Armor Mastery
웨펀마스터의 경갑 마스터리,Blade Master Light Armor Mastery
귀참,Ghost Slash
어퍼 슬래쉬,Upward Slash
신속한 무기 교체,Rapid Weapon Switch
가드,Guard
카잔,Kazan
쓰러스트,Thrust
공중 연속 베기,Aerial Chain Slash
에쉔 포크,Ashe Fork
열파참,Wave Wheel Slasher
붕산격,Mountainous Wheel
소검 마스터리,Short Sword Mastery
파동검 지열,Force Wave: Neutral
둔기 마스터리,Bludgeon Mastery
무기의 극의,Weapon Wielder's Zenith
광검 사용 가능,Lightsabre License
단공참,Drive Slash
광검 마스터리,Lightsabre Mastery
백스텝 커터,Backstep Cutter
도 마스터리,Katana Mastery
고어 크로스,Gore Cross
대검 마스터리,Zanbato Mastery
리 귀검술,Secret Sword Art
달빛 베기,Moonlight Slash
류심 충,Flowing Stance - Clash
류심,Flowing Stanc
류심 쾌,Flowing Stance - Swift
오버드라이브,Overdrive
오토 가드,Auto Guard
차지 크래시,Charge Crash
류심 승,Flowing Stance - Rise
이면 뒤집기,Flip Side Counter
류심 강,Flowing Stance - Force
발도,Draw Sword
차지 버스트,Charge Burst
맹룡단공참,Raging Dragon Slash
환영검무,Illusion Sword Dance
극 귀검술 : 참철식,Ultimate Slay: Iron Strike
열파참 강화,Wave Wheel Slasher Upgrade
파동검 지열 강화,Force Wave: Neutral Upgrade
고어 크로스 강화,Gore Cross Upgrade
귀참 강화,Ghost Slash Upgrade
단공참 강화,Drive Slash Upgrade
어퍼 슬래쉬 강화,Upward Slash Upgrade
가드 강화,Guard Upgrade
쓰러스트 강화,Thrust Upgrade
에쉔 포크 강화,Ashe Fork Upgrade
기본기 숙련 강화,Basic Training Upgrade
달빛 베기 강화,Moonlight Slash Upgrade
붕산격 강화,Mountainous Wheel Upgrade
극 귀검술 : 폭풍식,Ultimate Slay: Tempest
발도 강화,Draw Sword Upgrade
오토 가드 강화,Auto Guard Upgrade
이면 뒤집기 강화,Flip Side Counter Upgrade
환영검무 강화,Illusion Sword Dance Upgrade
차지 크래시 강화,Charge Crash Upgrade
맹룡단공참 강화,Raging Dragon Slash Upgrade
류심 강화,Flowing Stance Upgrade
차지 버스트 강화,Charge Burst Upgrade
극 귀검술 : 유성락,Omnislay: Shooting Star
극 귀검술 : 유성락 강화,Omnislay: Shooting Star Upgrade
신기의 손놀림,Deft Grip
극초발도 강화,Lightning Draw Sword Upgrade
극초발도,Lightning Draw Sword
극 귀검술 : 심검,Omnislay: Mind's Sword
극한의 경지,Hypervigilance
극 발검술 : 섬단,Ultimate Blade Dance - Lightning
이기어검술,Telekinetic Swords
소울브링어의 천 갑옷 마스터리,Soul Bender Cloth Armor Mastery
달의 커튼,Lunar Curtain
사슬 해제,Unshackle
몽롱한 눈의 브레멘,Hazy-Eyed Bremen
어둠의 친화,Shadow Harmony
소멸의 의식,Extinction Ritual
잔영의 케이가,Afterimage of Keiga
귀백 해방,Ghost Liberation
만월 달빛 베기,Full Moonlight Slash
귀참 드라이브,Ghost Slash Drive
귀검편,Phantom Sword Slash
냉기의 사야,Ice Saya
툼스톤,Tombstone
역병의 라사,Plague Rhasa
귀참 : 광폭,Ghost Slash: Overdrive
귀영섬,Phantasmal Slayer
흑염의 칼라,Kalla of Dark Flame
흑염검,Dark Flame Sword
칠흑의 공포,Fear of Darkness
몽롱한 눈의 브레멘 강화,Hazy-Eyed Bremen Upgrade
제 7의 귀신 : 광폭의 블라슈,Ghost 7: Furious Blache
냉기의 사야 강화,Ice Saya Upgrade
귀영섬 강화,Phantasmal Slayer Upgrade
흑염의 칼라 강화,Kalla of Dark Flame Upgrade
역병의 라사 강화,Plague Rhasa Upgrade
귀참 : 광폭 강화,Ghost Slash: Overdrive Upgrade
귀검편 강화,Phantom Sword Slash Upgrade
툼스톤 강화,Tombstone Upgrade
잔영의 케이가 강화,Afterimage of Keiga Upgrade
귀참 : 나락,Ghost Slash: Abyss
귀참:나락 강화,Ghost Slash: Abyss Upgrade
툼스톤 스웜프,Tombstone Swamp
툼스톤 스웜프 강화,Tombstone Swamp Upgrade
팬텀 마스터리,Phantom Mastery
블레이드 팬텀,Blade Phantom
검귀강령 : 식,Blade Phantom Possession: Technique
지그 강림,Descent of Sieg
버서커의 중갑 마스터리,Berserker Heavy Armor Mastery
들끓는 피,Boiling Blood
프렌지,Frenzy
광기,Insanity
혈십자,Bloody Cross
혈기왕성,Vim and Vigor
다이하드,Diehard
폭주,Derange
블러드러스트,Bloodlust
레이징 퓨리,Raging Fury
블러디 레이브,Bloody Twister
격노,Enrage
갈증,Thirst
블러드 소드,Blood Sword
아웃레이지 브레이크,Outrage Break
선혈의 추억,Blood Memory
익스트림 오버킬,Extreme Overkill
블러드러스트 강화,Bloodlust Upgrade
레이징 퓨리 강화,Raging Fury Upgrade
아웃레이지 브레이크 강화,Outrage Break Upgrade
블러드 소드 강화,Blood Sword Upgrade
다이하드 강화,Diehard Upgrade
격노 강화,Enrage Upgrade
폭주 강화,Derange Upgrade
블러디 레이브 강화,Bloody Twister Upgrade
블러드 스내치 강화,Blood Snatch Upgrade
블러드 스내치,Blood Snatch
사무치는 광기,Poignant Madness
버스트 퓨리 강화,Burst Fury Upgrade
버스트 퓨리,Burst Fury
블러드 붐,Blood Boom
블러드 인카넷,Blood Incarnate
레드로제,Bloody Rose
블러드 리븐,Blood Riven
아수라의 판금 갑옷 마스터리,Asura Plate Armor Mastery
파동각인,Wave Manifestation Brand
귀문반,Ghost Orb
살기감지,Hostility Detection
진공참,Spirit Crescent
수라 진공참,Asura Spirit Crescent
정신이 번쩍!,Mind Snap!
파동 해제,Wave Radiation
살의의 파동,Murderous Wave
파동검 빙인,Ice Wave Sword
무쌍파,Deadly Enticer
파동검 폭염,Fire Wave Sword
작열 파동진,Ground Quaker
부동명왕진,Agni Pentacle
심안,Mind's Eye
귀문반 강화,Ghost Orb Upgrade
파동의 눈,Wave Eye
살의의 파동 강화,Murderous Wave Upgrade
진공참 강화,Spirit Crescent Upgrade
파동검 폭염 강화,Fire Wave Sword Upgrade
무쌍파 강화,Deadly Enticer Upgrade
부동명왕진 강화,Agni Pentacle Upgrade
작열 파동진 강화,Ground Quaker Upgrade
파동검 빙인 강화,Ice Wave Sword Upgrade
파동 해제 강화,Wave Radiation Upgrade
극파동검 빙인,Glacial Wave Sword
극파동검 빙인 강화,Glacial Wave Sword Upgrade
극파동검 폭염 강화,Magma Wave Sword Upgrade
극파동검 폭염,Magma Wave Sword
뇌신의 기운,Thunder God Energy
파동검 : 인다라망,Wave Sword: Indra Net
천뇌 바주라,Heavenly Vajra
뇌신,Thunder God
검귀의 가죽 마스터리,Ghostblade Leather Armor Mastery
귀인(鬼人),Ghostman
귀연참,Phantom Slash
귀신보,Ghost Step
원귀 : 일섬,Ghost: Single Strike
귀혼환보,Ghost Retracer
검귀의 도 마스터리,Ghostblade Katana Mastery
청혈투귀,Blue-blooded Ghost Warrior
연아,Spectral Thrust
원귀 : 연참,Ghost: Single Strike
귀혼일체,Phantasmal Binity
합격 : 이혼일섬,Dyad: Soul Cross
귀연참 : 극,Ultimate Phantom Slash
혼백참,Soul Strike
합격 : 월령참,Dyad: Half Moon Slash
원귀 : 회천,Ghost: Circle Cut
악귀참수,Spectral Eradication
야차라 불리는 자,One Who's Called the Yaksha
귀천살(鬼天殺),Phantom Cross
연아 강화,Spectral Thrust Upgrade
원귀 : 연참 강화,Phantom Slash Upgrade
원귀 : 일섬 강화,Ghost: Single Strike Upgrade
귀신보 강화,Ghost Step Upgrade
귀연참 강화,Phantom Slash Upgrade
혼백참 강화,Soul Strike Upgrade
합격 : 이혼일섬 강화,Dyad: Soul Cross Upgrade
합격 : 월령참 강화,Dyad: Half Moon Slash Upgrade
원귀 : 회천 강화,Ghost: Circle Cut Upgrade
악귀참수 강화,Spectral Eradication Upgrade
원귀 : 격살,Ghost: Targeted Hit
원귀 : 격살 강화,Ghost: Targeted Hit Upgrade
합격 : 나락참,Dyad: Abyssal Punishment
합격 : 나락참 강화,Dyad: Abyssal Punishment Upgrade
악귀현신,Fiend Incarnate
원귀 : 신풍,Ghost: Phantom Wind
악귀연무,Fiend Dance
참살(慘殺),Phantasmal Slayer
넨마스터의 천 갑옷 마스터리,Nen Master Cloth Armor Mastery
무즈 어퍼,Muse's Uppercut
해머 킥,Hammer Kick
넨으로 느낀다,Nen Sense
로킥,Low Kick
분신,Doppelganger
수플렉스,Suplex
헬터 스켈터,Sand Splash
호신연격,Tiger Chain Strike
크라우치,Crouch
공중 밟기,Air Walk
철금강,Iron Physique
금강쇄,Seismic Crash
기옥탄,Nen Bead
카이,Khai
수플렉스 썬더,Suplex Thunder
넨탄,Nen Shot
빛의 친화,Light Affinity
환영폭쇄,Doppelganger Blast
축염포,Nen Cannon
호포,Tiger's Roar
태양의 숨결,Sun's Breath
넨 가드,Nen Guard
질풍각,Tornado Kick
나선의 넨,Spiral Nen
사자후,Lion's Roar
기공장,Energy Shield
뇌명 : 사나운 빛의 넨수,Tiger Flash
광충노도,Raging Light Dragon
흩날리는 천염화,Floating Nen Flowers
기옥탄 강화,Nen Bead Upgrade
넨화,Nen Flower
질풍각 강화,Tornado Kick Upgrade
공중 밟기 강화,Air Walk Upgrade
해머 킥 강화,Hammer Kick Upgrade
넨탄 강화,Nen Shot Upgrade
무즈 어퍼 강화,Muse's Uppercut Upgrade
로킥 강화,Low Kick Upgrade
수플렉스 강화,Suplex Upgrade
크라우치 강화,Crouch Upgrade
수플렉스 썬더 강화,Suplex Thunder Upgrade
금강쇄 강화,Seismic Crash Upgrade
철금강 강화,Iron Physique Upgrade
헬터 스켈터 강화,Sand Splash Upgrade
호신연격 강화,Tiger Chain Strike Upgrade
환영폭쇄 강화,Doppelganger Blast Upgrade
뇌명 : 사나운 빛의 넨수 강화,Tiger Flash Upgrade
기공장 강화,Energy Shield Upgrade
광충노도 강화,Raging Light Dragon Upgrade
사자후 강화,Lion's Roar Upgrade
나선의 넨 강화,Spiral Nen Upgrade
넨가드 강화,Nen Guard Upgrade
궁극의 넨 가드,Ultimate Nen Guard
광룡십삼장,Dragon Fury
광룡십삼장 강화,Dragon Fury Upgrade
태사자후,Lion's Grand Roar
태사자후 강화,Lion's Grand Roar Upgrade
세인트 일루전,Saint Illusion
축기,Nen Compress
흡기공탄,Nen Implosion
광휘의 넨,Brilliant Nen
스트라이커의 경갑 마스터리,Striker Light Armor Mastery
강권,Power Fist
권투글러브 사용 가능,Equip Boxing Gloves
붕권,Crushing Fist
슈퍼아머,Super Armor
철산고,Mountain Pusher
본 크러셔,Bone Crusher
급소 지정,Fatal Aim
머슬 시프트,Muscle Shift
라이징 너클,Rising Fist
원인치 펀치,One Inch Punch
라이트닝 댄스,Lightning Dance
비트 드라이브,Beat Drive
스탬피드,Stampede
사상최강의 로킥,Kihop Low Kick
붕권 강화,Crushing Fist Upgrade
분신 강화,Doppelganger Upgrade
라이트닝 댄스 강화,Lightning Dance Upgrade
철산고 강화,Mountain Pusher Upgrade
라이징 너클 강화,Rising Fist Upgrade
원인치 펀치 강화,One Inch Punch Upgrade
본 크러셔 강화,Bone Crusher Upgrade
비트 드라이브 강화,Beat Drive Upgrade
파쇄권,Powerful Crushing Fist
파쇄권 강화,Powerful Crushing Fist Upgrade
일주연환격 강화,Chain Assault Upgrade
일주연환격,Chain Assault
호격권,Tiger Strike
리미트 브레이크,Unchained Strike
무영각,Shadowless Kick
극진 : 패황단공권,Empress's Climactic Fist
독에 익숙함,Poison Resistance
스트리트파이터의 중갑 마스터리,Brawler Heavy Armor Mastery
독 바르기,Apply Poison
일발화약성,Explosive Hook
사공 수련,Overstrain
이중 투척,Double Throw
히든 스팅,Hidden Stinger
블록 버스터,Brick Buster
클로 마스터리,Claw Mastery
마운트,Mount
도발,Taunt
천라지망,Heaven's Net
그라운드 킥,Ground Kick
베놈 마인,Venom Mine
크레이지 발칸,Raging Vulcan
정크 스핀,Junk Spin
혈관을 흐르는 맹독,Deadly Blood
일발화약성 강화,Explosive Hook Upgrade
독무,Poison Mist
히든 스팅 강화,Hidden Stinger Upgrade
정크 스핀 강화,Junk Spin Upgrade
블록 버스터 강화,Brick Buster Upgrade
그라운드 킥 강화,Ground Kick Upgrade
베놈 마인 강화,Venom Mine Upgrade
크레이지 발칸 강화,Raging Vulcan Upgrade
맹독 일발화약성,Poisonous Explosive Hook
맹독 일발화약성 강화,Poisonous Explosive Hook Upgrade
블록 봄,Block Bomb
블록 봄 강화,Block Bomb Upgrade
용독술,Art of Poisons
비기 : 폭독,Explosive Poison
만병지왕 - 파진포,Disease Queen - Poison Mine
비전 : 진천뢰,Compact Explosive Poison
독문무공,Snake Stance
금기 : 독사굴,Forbidden Art: Viper Den
그래플러의 경갑 마스터리,Grappler Light Armor Mastery
반드시 잡는다!,Overwhelming Grab
로플링,Fling
그랩 캐넌,Grab Cannon
강렬한 테이크 다운,Intense Takedown
슬라이딩 그랩,Sliding Grab
체인 커넥션,Chain Connection
넥 스냅,Neck Snap
파워 슬램,Power Slam
숄더 태클,Shoulder Tackle
에어슈타이너,Air Steiner
브레이킹 엘보,Elbow Shock
조인트 스매쉬,Joint Smash
그래플링 테크닉,Grappling Technique
스파이어,Spiral
수플렉스 싸이클론,Cyclone Suplex
와일드 캐넌 스파이크,Wild Cannon Spike
옷깃 잡기,Grab Mastery
로플링 강화,Fling Upgrade
기간틱 타이푼,Giant Twister
넥 스냅 강화,Neck Snap Upgrade
수플렉스 싸이클론 강화,Cyclone Suplex Upgrade
숄더 태클 강화,Shoulder Tackle Upgrade
스파이어 강화,Spiral Upgrade
에어슈타이너 강화,Air Steiner Upgrade
와일드 캐넌 스파이크 강화,Wild Cannon Spike Upgrade
조인트 스매쉬 강화,Joint Smash Upgrade
브레이킹 엘보 강화,Elbow Shock Upgrade
에어클러치,Air Clutch
에어클러치 강화,Air Clutch Upgrade
싸이클론 어택,Cyclone Attack
싸이클론 어택 강화,Cyclone Attack Upgrade
턴 힐,Turn Heel
체인 그랩,Chain Grab
자이언트 스윙,Giant Swing
토르베지노,Torbellino
허리케인 슈퍼 플렉스,Hurricane Super Plex
잭스파이크,Jack Spike
레인저의 가죽 갑옷 마스터리,Ranger Leather Armor Mastery
라이징샷,Rising Shot
M-137 개틀링건,M-137 Gatling Gun
은탄,Silver Bullet
RX-78 랜드러너,RX-78 Land Runner
공중사격,Aerial Fire
윈드밀,Windmill
퍼니셔,Punisher
바베~큐,BBQ
고각도 슬라이딩,Steep Slide
리볼버 강화,Revolver Upgrade
헤드샷,Headshot
G-14 파열류탄,G-14 Buster
M-3 화염방사기,M-3 Flamethrower
마하킥,Mach Kick
스타일리쉬,Stylish
건가드,Gun Guard
에어레이드,Air Raid
패스티스트 건,Fastest Gun
리벤저,Revenger
데스 바이 리볼버,Death By Revolver
웨스턴 파이어,Western Fire
트리플 탭,Triple Tap
난사,Wild Shot
이동사격,Moving Shot
멀티 헤드샷,Multi Headshot
더블 건호크,Death Hawk
죽음의 표식,Sudden Death
잭스파이크 강화,Jack Spike Upgrade
라이징샷 강화,Rising Shot Upgrade
윈드밀 강화,Windmill Upgrade
헤드샷 강화,Headshot Upgrade
바베~큐 강화,BBQ Upgrade
RX-78 랜드러너 강화,RX-78 Land Runner Upgrade
은탄 강화,Silver Bullet Upgrade
퍼니셔 강화,Punisher Upgrade
스커드 제노사이드,Scud Genocide
M-137 개틀링건 강화,M-137 Gatling Gun Upgrade
류탄 강화,Grenade Upgrade
마하킥 강화,Mach Kick Upgrade
난사 강화,Wild Shot Upgrade
리벤저 강화,Revenger Upgrade
트리플 탭 강화,Triple Tap Upgrade
멀티 헤드샷 강화,Multi Headshot Upgrade
건가드 강화,Gun Guard Upgrade
에어레이드 강화,Air Raid Upgrade
이동사격 강화,Moving Shot Upgrade
더블 건호크 강화,Death Hawk Upgrade
데들리 어프로치,Deadly Approach
데들리 어프로치 강화,Deadly Approach Upgrade
제압 사격,Suppressive Barrage
제압 사격 강화,Suppressive Barrage Upgrade
패스트 드로우,Fast Draw
사격술,Marksmanship
와이프 아웃,Wipeout
세븐스 플로우,Seventh Flow
런처의 중갑 마스터리,Launcher Heavy Armor Mastery
뽑아치기,Sub Weapon Crusher
중화기 다루기,Heavy Firearm Technique
중화기 마스터리,Heavy Firearm Mastery
슈타이어 대전차포,Steyr AMR
캐넌볼,Cannon Ball
레이저 라이플,Laser Rifle
충전 레이저 라이플,Charge Laser Rifle
화염 강타,Flame Pillar
미라클 비전,Eagle Eye
FM-92 스팅어,FM-92 Stinger
FM-31 그레네이드 런처,FM-31 Grenade Launcher
듀얼 트리거,Dual Triggers
양자 폭탄,Quantum Bomb
X-1 익스트루더,X-1 Extruder
스펙트럴 서치 아이,Spectral Search Eye
새틀라이트 빔,Satellite Beam
M-3 화염방사기 강화,M-3 Flamethrower Upgrade
화염 강타 강화,Flame Pillar Upgrade
FM-92 스팅어 강화,FM-92 Stinger Upgrade
FM-31 그레네이드 런처 강화,FM-31 Grenade Launcher Upgrade
양자 폭탄 강화,Quantum Bomb Upgrade
슈타이어 대전차포 강화,Steyr AMR Upgrade
레이저 라이플 강화,Laser Rifle Upgrade
X-1 익스트루더 강화,X-1 Extruder Upgrade
캐넌볼 강화,Cannon Ball Upgrade
플라즈마 부스터 강화,Plasma Booster Upgrade
플라즈마 부스터,Plasma Booster
FM-92 스팅어 SW,FM-92 SW Stinger
FM-92 스팅어 SW 강화,FM-92 Stinger SW Upgrade
사이즈믹 웨이브,Seismic Wave
중화기 개조,Heavy Firearm Enhancement
MSC-7,MSC-7
버스터 빔,Buster Beam
메카닉의 천 갑옷 마스터리,Mechanic Cloth Armor Mastery
로보틱스,Robotics
Ez-8 카운트다운,EZ-8 Time Bomb
로봇 전폭,Detonation
회심의 랜드러너,Secret Land Runner
G-1 코로나,G-1 Corona
Ex-S 바이퍼,EX-S Viper
아크리액터,Arc Reactor
트랜스폼 : G-2 롤링썬더,G-2 Rolling Thunder
카모플라쥬,Camouflage
파이어볼트,Firebolt
Hold & Go,Hold & Go
트랜스폼 : G-3 랩터,G-3 Raptor
RX-60 트랩러너,RX- 60 Trap Runner
공중 전투 메카 : 템페스터,Air Combat Mech: Tempester
메카 드롭,Mech Drop
솔라 모듈 시스템,Solar Module System
스패로우 팩토리,Sparrow Factory
최후의 투지,Last Fighting Will
게이볼그 펀치,Gaebolg Punch
Ez-8 카운트다운 강화,EZ-8 Time Bomb Upgrade
G-1 코로나 강화,G-1 Corona Upgrade
스패로우 팩토리 강화,Sparrow Factory Upgrade
트랜스폼 : G-3 랩터 강화,G-3 Raptor Upgrade
공중 전투 메카 : 템페스터 강화,Air Combat Mech Tempester Upgrade
Ex-S 바이퍼 강화,Ex-S Viper Upgrade
메카 드롭 강화,Mech Drop Upgrade
RX-60 트랩러너 강화,RX- 60 Trap Runner Upgrade
트랜스폼 : G-2 롤링썬더 강화,G-2 Rolling Thunder Upgrade
Ez-10 카운터어택,EZ-10 Time Bomb
Ez-10 카운터어택 강화,EZ-10 Time Bomb Upgrade
Ex-S 바이퍼 Zero,Ex-S Viper Zero
Ex-S 바이퍼 Zero 강화,Ex-S Viper Zero Upgrade
TX-80 디멘션 러너,TX-80 Dimension Runner
HS-1 친구들,HS-1 Friends
TX-45 A-Team,TX-45 A-Team
헬 마치,Hell March
스핏파이어의 가죽 갑옷 마스터리,Spitfire Leather Armor Mastery
특성탄,Elemental Bullet
오버 차지,Overcharge
매거진 드럼,Magazine Drum
강화탄,Booster Bullet
병기 숙련,Firearm Mastery
유탄 마스터리,Grenade Mastery
M18 클레이모어,M18 Claymore
G-35L 섬광류탄,G-35L Flash Bang
교차 사격,Cross Fire
폭발탄,Burst Bomb
G-18C 빙결류탄,G-18C Freeze Grenade
관통탄,Piercing Bullet
버스터 샷,Buster Shot
C4,C4
네이팜 탄,Napalm
록 온 서포트,Lock-on Support
듀얼 플리커,Dual Flicker
특수기동전대 '블랙 로즈',Special Forces 'Black Roses'
버스터 샷 강화,Buster Shot Upgrade
M18 클레이모어 강화,M18 Claymore Upgrade
C4 강화,C4 Upgrade
록 온 서포트 강화,Lock-on Support Upgrade
교차 사격 강화,Cross Fire Upgrade
네이팜 탄 강화,Napalm Upgrade
G-61 중력류탄,G-61 Gravity Grenade
G-61 중력류탄 강화,G-61 Gravity Grenade Upgrade
피스톨 카빈 강화,Pistol Carbine Upgrade
피스톨 카빈,Pistol Carbine
전장의 영웅,War Hero
데인저 클로즈,Danger Close
G-38ARG 반응류탄,G-38ARG Reactive Grenade
슈퍼 노바,Supernova
매직 미사일,Magic Missile
천격,Sky Assault
엘레멘탈마스터의 천 갑옷 마스터리,Elementalist Cloth Armor Mastery
오라 실드,Mana Shield
랜턴 파이어,Lantern Firebomb
플로레 비비기,Florae Circle
용아,Dragon Fang
계약소환 : 기갑 호도르,Contract: Hodor
접근 금지!,Keep Away!
프로스트 헤드,Frost Head
채찍질,Lasher
플루토,The Pluto
위상변화,Phase Shift
디스인챈트,Disenchant
메모라이즈,Memorize
플레임 스트라이크,Fire Pillar
공중 랜턴 파이어,Aerial Lantern Firebomb
낙화장,Palm Blast
이동 캐스팅,Mobile Cast
쇼타임,Showtime
보이드,The Void
엘레멘탈 번,Elemental Burn
썬버스트,Sun Burst
칠링 팬스,Ice Walls
속성 마스터리,Elemental Mastery
썬더 스트라이크,Thunder Strike
썬더 콜링,Lightning Strike
나이트 할로우,Black Hole
아크틱 피스트,Arctic Burst
핼로윈 버스터,Halloween Buster
마력 증폭,Mana Intensification
플로레 비비기 강화,Florae Circle Upgrade
랜턴 파이어 강화,Lantern Firebomb Upgrade
오라 실드 강화,Mana Shield Upgrade
애스트럴 스톰,Astral Storm
채찍질 강화,Lasher Upgrade
프로스트 헤드 강화,Frost Head Upgrade
낙화장 강화,Palm Blast Upgrade
엘레멘탈 번 강화,Elemental Burn Upgrade
접근 금지! 강화,Keep Away! Upgrade
천격 강화,Sky Assault Upgrade
플루토 강화,The Pluto Upgrade
용아 강화,Dragon Fang Upgrade
매직 미사일 강화,Magic Missile Upgrade
플레임 스트라이크 강화,Fire Pillar Upgrade
보이드 강화,The Void Upgrade
아크틱 피스트 강화,Arctic Burst Upgrade
핼로윈 버스터 강화,Halloween Buster Upgrade
썬버스트 강화,Sun Burst Upgrade
칠링 팬스 강화,Ice Walls Upgrade
썬더 콜링 강화,Lightning Strike Upgrade
나이트 할로우 강화,Black Hole Upgrade
엘레멘탈 커튼,Elemental Curtain
엘레멘탈 커튼 강화,Elemental Curtain Upgrade
엘레멘탈 퀘이크,Elemental Quake
엘레멘탈 퀘이크 강화,Elemental Quake Upgrade
초월의 크리스탈,Transcendent Crystal
엘레멘탈 포텐셜,Elemental Potential
초월의 룬,Transcendence Rune
더 게이트,The Gate
제6원소,Sesto Elemento
소환사의 천 갑옷 마스터리,Summoner Cloth Armor Mastery
정령소환 : 나이아스,Lesser Spirit: Naias
나를 따라라,Summoner's Train
정령소환 : 스토커,Lesser Spirit: Stalker
하급 정령 소환,Lesser Spirit Summon
교감,Communion
기다려!!,Wait!
환수 강화 오라,Summoned Creature Aura
정령소환 : 아도르,Lesser Spirit: Ador
정령소환 : 위스프,Lesser Spirit: Wisp
정령 희생,Spirit Sacrifice
계약소환 : 프리트,Contract: Freet
소환 해제,Dismiss
계약소환 : 검은기사 산도르,Contract: Black Knight Sandor
지배력 강화,Reinforce Control
저놈 잡아라!,Mark the Target!
환수 폭주,Zealous Creature
계약소환 : 마계화 아우쿠소,Contract: Hellflower Aukuso
정령소환 : 아퀘리스,Greater Spirit: Aquarius
정령소환 : 플레임 헐크,Greater Spirit: Flame Hulk
정령소환 : 데드 멀커,Greater Spirit: Dead Murker
정령소환 : 글레어린,Greater Spirit: Glaerin
계약소환 : 루이즈 언니!,Contract: Big Sis Louise!
정령소환 : 정령왕 에체베리아,Spirit Lord: Echeverria
매스 텔레포트,Mass Teleport
끈끈이 투척,Sticky Throw
계약소환 : 타우킹 쿠루타,Contract: Tau King Kuruta
스피릿 본드,Spirit Bond
하급정령 강화,Lesser Spirit Upgrade
계약소환 : 기갑 호도르 강화,Hodor Upgrade
계약소환 : 정복자 카시야스,Contract: Conqueror Kasijas
정령소환 : 글레어린 강화,Greater Spirit: Glaerin Upgrade
계약소환 : 프리트 강화,Contract: Freet Upgrade
정령소환 : 플레임 헐크 강화,Greater Spirit: Flame Hulk Upgrade
저놈 잡아라! 강화,Mark the Target! Upgrade
계약소환 : 검은기사 산도르 강화,Contract: Black Knight Sandor Upgrade
정령소환 : 데드 멀커 강화,Greater Spirit: Dead Murker Upgrade
정령 희생 강화,Spirit Sacrifice Upgrade
계약소환 : 마계화 아우쿠소 강화,Contract: Hellflower Aukuso Upgrade
계약소환 : 루이즈 언니! 강화,Big Sis Louise Upgrade
계약소환 : 타우킹 쿠루타 강화,Contract: Tau King Kuruta Upgrade
정령소환 : 아퀘리스 강화,Greater Spirit: Aquarius Upgrade
정령소환 : 정령왕 에체베리아 강화,Spirit Lord: Echeverria Upgrade
정령소환 : 융합정령 헤일롬,Spirit: Fusion Spirit Hailom
지배의 고리,Loop of Domination
분노의 난타,Running Amok
분노의 난타 강화,Running Amok Upgrade
이클립스 하이브,Eclipse's Hive
다크문,Dark Moon
전설소환 : 월영,Legendary Summon: The Moonshade
식락,Eclipse Fall
전설소환 : 갈애의 라모스,Legendary Summon: War Maiden Lamos
배틀메이지의 가죽 갑옷 마스터리,Battle Mage Leather Armor Mastery
니우의 전투술,Niu's Combat Technique
원무곤,Stabbing Wheel
체이서,Chaser
체이서 사출,Chaser Launcher
집중의 오라 실드,Concentrated Mana Shield
콤보 본능,Punishing Instinct
전장의 여신,War Goddess
창 마스터리,Spear Mastery
봉 마스터리,Pole Mastery
더블 스윙,Double Swing
타이머 밤,Time Bomb
오토 체이서,Chaser Generator
퓨전 체이서,Fusion Chaser
쇄패,Full Swing
체이서 프레스,Chaser Press
뇌연격,Punto Wave
강습유성타,Meteor Assault
황룡천공,Dragon Strike
황룡난무,Dragon Rampage
배틀 그루브,Battle Groove
원무곤 강화,Stabbing Wheel Upgrade
위상변화 강화,Phase Shift Upgrade
테아나 변신~!!,Teana Transformation
체이서 강화,Chaser Upgrade
변신 해제,Cancel Transformation
매지컬 체인지,Magical Change
퀘이사 익스플로젼,Quasar Explosion
황룡천공 강화,Dragon Strike Upgrade
타이머 밤 강화,Time Bomb Upgrade
체이서 프레스 강화,Chaser Press Upgrade
강습유성타 강화,Meteor Assault Upgrade
더블 스윙 강화,Double Swing Upgrade
퓨전 체이서 강화,Fusion Chaser Upgrade
뇌연격 강화,Punto Wave Upgrade
쇄패 강화,Full Swing Upgrade
트윙클 스매쉬,Twinkle Smash
트윙클 스매쉬 강화,Twinkle Smash Upgrade
진 뇌연격 강화,Ultimate Punto Wave Upgrade
진 뇌연격,Ultimate Punto Wave
체이서 클러스터,Chaser Cluster
체이서 에볼루션,Chaser Evolution
문무겸비,Multirole
사도의 춤,Apostle Dance
봉인,Seal
사도화,Apostilize
마도학자의 가죽 갑옷 마스터리,Witch Leather Armor Mastery
도발 인형 : 슈르르,Cheeky Doll Shururu
퍼밀리어와 친하게 지내기,Befriend Familiars
고출력 매직 미사일,Enhanced Magic Missile
빗자루 다루기,Broomstick Control
개조 슈르르,Jackyl
고대의 도서관,Ancient Library
블룸 파우더,Bloom Powder
블랙 망토,Black Manteau
변이 파리채,Devolution Flyswatter
스위트 캔디바,Lollipop
애시드 클라우드,Acid Rain
용암지대 생성물약,Lava Potion No. 9
저온살균,Low-Temperature Pasteurization
비터스 캔디바,Bitter Lollipop
빗자루 스핀,Broomstick Spin
플로레 컬라이더,Florae Collider
성난 불길 가열로,Raging Flame Furnace
자폭,Self-Destruction
반중력 기동장치,Gravitas
메가 드릴,Mega Drill
성공 예감,Lucky Feeling
고출력 매직 미사일 강화,Enhanced Magic Missile Upgrade
도발 인형 : 슈르르 강화,Cheeky Doll Shururu Upgrade
퓨전 크래프트,Fusion Craft
메가 드릴 강화,Mega Drill Upgrade
성난 불길 가열로 강화,Raging Flame Furnace Upgrade
빗자루 스핀 강화,Broomstick Spin Upgrade
애시드 클라우드 강화,Acid Rain Upgrade
변이 파리채 강화,Devolution Flyswatter Upgrade
용암지대 생성물약 강화,Lava Potion Upgrade
블랙 망토 강화,Black Manteau Upgrade
플로레 컬라이더 강화,Florae Collider Upgrade
반중력 기동장치 강화,Gravitas Upgrade
스위트 캔디바 강화,Lollipop Upgrade
대왕 파리채,Giant Flyswatter
대왕 파리채 강화,Giant Flyswatter Upgrade
플로레 전기토끼 강화,Florae Electric Rabbit Upgrade
플로레 전기토끼,Florae Electric Rabbit
잭프로스트 빙수,Frosty Snow Cone
현자의 돌,Lapis Philosophorum
롤리팝 크러쉬,Lollipop Crush
우로보로스,Uroboros
인챈트리스의 판금 마스터리,Enchantress Plate Armor Mastery
로즈 바인,Rose Vines
꼼꼼한 바느질,Meticulous Stitching
흑마법 빗자루,Black Magic Broomstick
퍼페티어,Puppeteer
매드매드 슬래쉬,Madd Mad Slash
사악한 호기심,Wicked Curiosity
편애,Favoritism
매드 스트레이트,Madd Straight
인형 바구니,Doll Basket
하베스팅,Harvest
화끈한 애정,Hot Affection
금단의 저주,Forbidden Curse
매디가드,Madd the Guard
점핑 베어 프레스,Jumping Bear Press
데스티니 퍼펫,Destiny Puppet
구속의 가시넝쿨,Bramble Prison
사랑의 응급조치,First Aid of Love
매드 더 빅,Big Madd
검은 숲의 가시나무,Black Forest Brier
소악마,Petite Diablo
마리오네트,Marionette
로즈 바인 강화,Rose Vines Upgrade
꼼꼼한 바느질 강화,Meticulous Stitching Upgrade
매드매드 슬래쉬 강화,Madd Mad Slash Upgrade
매드 스트레이트 강화,Madd Straight Upgrade
점핑 베어 프레스 강화,Jumping Bear Press Upgrade
구속의 가시넝쿨 강화,Bramble Prison Upgrade
매드 더 빅 강화,Big Madd Upgrade
매디가드 강화,Madd the Guard Upgrade
데스티니 퍼펫 강화,Destiny Puppet Upgrade
하베스팅 강화,Harvest Upgrade
화끈한 애정 강화,Hot Affection Upgrade
헥스,Hex
헥스 강화,Hex Upgrade
테러블 로어 강화,Terrible Roar Upgrade
테러블 로어,Terrible Roar
영원한 소유,Eternal Possession
어둠에 피는 장미,A Rose in the Dark
고통의 정원,Garden of Pain
커스 오브 테러베어,Curse of Terror Bear
인형의 숲,Forest of Dolls
공참타,Giant Weapon Launcher
스매셔,Smasher
신의 은총,Grace of God
크루세이더의 판금 갑옷 마스터리,Crusader Plate Armor Mastery
슬로우 힐,Slow Heal
럭키 스트레이트,Lucky Straight Punch
큐어,Cure
분노의 움켜쥠,Furious Grab
세컨드 어퍼,Second Uppercut
순백의 칼날,Blades of Purity
용기의 은총,Grace of Courage
수호의 은총,Grace of Protection
고통의 희열,Painful Rapture
낙봉추,Phoenix Hammer
빛의 복수,Revenge of Light
천상의 멜로디,Heaven's Melody
영혼의 희생,Spiritual Sacrifice
승리의 창,Spear of Victory
성령의 메이스,Holy Ghost Mace
승천진,Rising Emblem
보호의 징표,Sign of Protection
크로스 크래쉬,Crashing Cross
신성한 빛,Light of Divinity
패스트 힐,Fast Heal
프레셔 월,Pressure Wall
영광의 축복,Divine Invocation
디플렉트 월,Deflection Wall
천상의 하모니,Heaven's Harmony
플래시 글로브,Flash Sphere
플래시 스크랩,Flash Shrapnel
합티즘,Haptism
생명의 원천,Fountain of Life
참회의 망치,Hammer of Repentance
정의의 심판,Righteous Judgment
힐 윈드,Healing Wind
신념의 오라,Aura of Conviction
럭키 스트레이트 강화,Lucky Straight Punch Upgrade
낙봉추 강화,Phoenix Hammer Upgrade
분노의 움켜쥠 강화,Furious Grab Upgrade
묵상,Meditation
슬로우 힐 강화,Slow Heal Upgrade
큐어 강화,Cure Upgrade
순백의 칼날 강화,Blades of Purity Upgrade
세컨드 어퍼 강화,Second Uppercut Upgrade
아포칼립스,Apocalypse
공참타 강화,Giant Weapon Launcher Upgrade
스매셔 강화,Smasher Upgrade
크로스 크래쉬 강화,Crashing Cross Upgrade
승천진 강화,Rising Emblem Upgrade
참회의 망치 강화,Hammer of Repentance Upgrade
디플렉트 월 강화,Deflection Wall Upgrade
정의의 심판 강화,Righteous Judgment Upgrade
보호의 징표 강화,Sign of Protection Upgrade
합티즘 강화,Haptism Upgrade
승리의 창 강화,Spear of Victory Upgrade
플래시 글로브 강화,Flash Sphere Upgrade
빛의 복수 강화,Revenge of Light Upgrade
미러클 스플리터,Miracle Splitter
미러클 스플리터 강화,Miracle Splitter Upgrade
운명의 창,Doom Spear
운명의 창 강화,Doom Spear Upgrade
디바인 플래쉬,Divine Flash
홀리 생츄어리,Holy Sanctuary
썬더 해머 : 유피테르,Thunder Hammer: Jupiter
디바인 퍼니쉬먼트,Ascension
인파이터의 경갑 마스터리,Monk Light Armor Mastery
윌 드라이버,Will Driver
스웨이,Sway
신체강화,Spirit Fists
더킹 스트레이트,Ducking Straight Punch
더킹 어퍼,Ducking Uppercut
더킹 대시,Ducking Dash
디바인 크러시,Divine Crush
테크니컬 마스터리,Technical Mastery
더킹 바디블로,Ducking Body Blow
퀵 패리,Quick Parry
사이드 와인드,Sidewind
고저스 컴비네이션,Exquisite Combo
초핑 해머,Chopping Hammer
홀리 카운터,Sacred Counter
섀도우 박서,Shadow Clone
머신건 잽,Machine Gun Jab
코크 스크류 블로우,Corkscrew Blow
헤븐리 컴비네이션,Heavenly Combo
더블 섀도우,Double Shadow
허리케인 롤,Hurricane 'n' Roll
드라이아웃,Dry Out
빅뱅 펀치,Big Bang Punch
고저스 컴비네이션 강화,Exquisite Combo Upgrade
디바인 크러시 강화,Divine Crush Upgrade
사이드 와인드 강화,Sidewind Upgrade
초핑 해머 강화,Chopping Hammer Upgrade
머신건 잽 강화,Machine Gun Jab Upgrade
헤븐리 컴비네이션 강화,Heavenly Combo Upgrade
허리케인 롤 강화,Hurricane 'n' Roll Upgrade
코크 스크류 블로우 강화,Corkscrew Blow Upgrade
홀리 카운터 강화,Sacred Counter Upgrade
더킹 어택 강화,Upgrade Ducking Attacks
개틀링 펀치 강화,Gattling Punch Upgrade
개틀링 펀치,Gattling Punch
데몰리션 펀치 강화,Demolition Punch Upgrade
데몰리션 펀치,Demolition Punch
데스블로우,Deathblow
핵 펀치,Nuclear Punch
아토믹 쵸퍼,Atomic Chopper
신의 분노,Wrath of God
퇴마사의 중갑 마스터리,Exorcist Heavy Armor Mastery
퇴마사의 판금 갑옷 마스터리,Exorcist Plate Armor Mastery
퇴마사의 천 갑옷 마스터리,Exorcist Cloth Armor Mastery
퇴마의 기운,Exorcistic Force
성불,Holy Amulet
잠룡,Lurking Dragon
질풍타,Gale Smash
거병 마스터리,Giant Weapon Mastery
단층지격,Floor Smasher
열정의 챠크라,Passion Chakra
광명의 챠크라,Luminous Chakra
제압부,Suppression Amulet
저 하늘의 별,Star in the Sky
주작부,Red Phoenix Amulet
어둠 가르기,Piercing the Darkness
멸!,Extinguish!
거선풍,Crucifix Wind
공의 식신 - 백호,White Tiger
갈!,Halt!
난격,Chaos Hammer
낙뢰부,Lightning Amulet
지의 식신 - 현무,God of Knowledge: Black Tortoise
대회전격,Spinning Cross
식신의 군,Shikigami Legion
무쌍격,Atomic Smash
투기 발산,Combat Aura
창룡격,Blue Dragon Hammer
주작부 강화,Red Phoenix Amulet Upgrade
질풍타 강화,Gale Smash Upgrade
대회전격 강화,Spinning Cross Upgrade
성불 강화,Holy Amulet Upgrade
낙뢰부 강화,Lightning Amulet Upgrade
거선풍 강화,Crucifix Wind Upgrade
제압부 강화,Suppression Amulet Upgrade
단층지격 강화,Floor Smasher Upgrade
어둠 가르기 강화,Piercing the Darkness Upgrade
식신의 군 강화,Shikigami Legion Upgrade
저 하늘의 별 강화,Star in the Sky Upgrade
공의 식신 - 백호 강화,White Tiger Upgrade
난격 강화,Chaos Hammer Upgrade
지의 식신 - 현무 강화,God of Knowledge: Black Tortoise Upgrade
무쌍격 강화,Atomic Smash Upgrade
멸혼부 강화,Exorcise Amulet Upgrade
멸혼부,Exorcise Amulet
참격,Oblivion Hammer
참격 강화,Oblivion Hammer Upgrade
신의 챠크라,Divine Chakra
신선의 경지,Divine Insight
오망성진,Pentagram
역전의 칠조격,Unrelenting Seven
진격(陣擊)의 황룡,Draconic Sanctum
어벤저의 중갑 마스터리,Avenger Heavy Armor Mastery
데빌 스트라이커,Devil Strike
메타몰포시스,Metamorphosis
데스 사이드,Shadow Render
지뢰진,Thunder Mine
낫 마스터리,Scythe Mastery
추락하는 영혼,Falling Soul
스핀커터,Spin Cutter
복수의 가시,Thorn of Protection
환청,Echoes of Nothing
스피닝 디포메이션,Spinning Deformation
데빌 클러치,Demonic Clutch
데빌 피스트,Reaper
어둠의 권능,Dark Authority
악몽,Nightmare
처형,Execution
데몬 배리어,Demon Guard
악마화,Demonize
데스 사이드 강화,Shadow Render Upgrade
데빌 스트라이커 강화,Devil Strike Upgrade
스피닝 디포메이션 강화,Spinning Deformation Upgrade
지뢰진 강화,Thunder Mine Upgrade
데빌 피스트 강화,Reaper Upgrade
스핀커터 강화,Spin Cutter Upgrade
복수의 가시 강화,Thorn of Protection Upgrade
어둠의 권능 강화,Dark Authority Upgrade
데빌 클러치 강화,Demonic Clutch Upgrade
복마전,Pandemonium
복마전 강화,Pandemonium Upgrade
재앙,Disaster
재앙 강화,Disaster Upgrade
다크 하울링,Dark Howling
이블 스트라이커,Evil Strike
파멸의 강타,Smite of Destruction
언홀리 퓨리,Unholy Fury
마릴린 로즈,Marilyn Rose
탑스핀,Topspin Kick
스프리건,Spriggan
건블레이드,Gunblade
니들 소배트,Needle Sobat
체인 스내치,Chain Snatch
소닉 스파이크,Sonic Spike
권총의 춤,Gun Dance
베일드 컷,Veiled Cut
블러디 카니발,Bloody Carnival
스프리건 강화,Spriggan Upgrade
니들 소배트 강화,Needle Sobat Upgrade
탑스핀 강화,Topspin Kick Upgrade
마릴린 로즈 강화,Marilyn Rose Upgrade
소닉 스파이크 강화,Sonic Spike Upgrade
권총의 춤 강화,Gun Dance Upgrade
블러디 스파이크,Bloody Spike
블러디 스파이크 강화,Bloody Spike Upgrade
쏘우 블레이드,Saw Blade
킬 포인트,Kill Point
체인 디바이더,Chain Divider
블러드 앤 체인,Blood and Chain
APG-63,APG-63
FM-92 mk2 랜서,FM-92 mk2 Lancer
오버 히트,Overheat
에인션트 트리거,Ancient Trigger
FM-92 mk2 랜서 강화,FM-92 mk2 Lancer Upgrade
FM-92 mk2 랜서 SW 강화,FM-92 mk2 Lancer SW Upgrade
FM-92 mk2 랜서 SW,FM-92 mk2 Lancer SW
알파 서포트,Alpha Support
FSC-7,FSC-7
PT-15 프로토타입,PT-15 Prototype
오퍼레이션 레이즈,Operation Raids
위기의 랜드러너,Backup Land Runner
트랜스포메이션,Transformation
G 마그네틱,G-Magnetic
공중 전폭 메카 : 게일 포스,Air Bomb Mech: Gale Force
G 익스텐션,G-Extension
트랜스 폼 : G-0 배틀로이드,G-0 Battleroid
바이퍼 강화,Viper Upgrade
G 로봇 강화,Upgrade G Robots
공중 전폭 메카 : 게일 포스 강화,Air Bomb Mech: Gale Force Upgrade
HS-12 플라즈마,HS-12 Plasma
HS-12 플라즈마 강화,HS-12 Plasma Upgrade
프리스비,Frisbee
프리스비 강화,Frisbee Upgrade
G-오퍼레이터,G-Operator
G-S.P. 팔콘,G-SP Falcon
마그네틱 필드,Magnetic Field
고기동 메카 : 볼트 MX,High-mobile Mech: Volt MX
니트로 모터,Nitro Motor
병기강화,Arsenal Reinforcement
EMP 스톰,EMP Storm
증명의 열쇠,Certification Key
오픈 파이어,Open Fire
G-96 열압력유탄,G-96 Thermobaric Grenade
디-데이,D-Day
라이징 컷,Rising Cut
로그의 가죽 마스터리,Rogue Leather Armor Mastery
쿠나이 던지기,Kunai Throw
염화참,Flame Cut
다크 소울,Dark Soul
섀도우컷,Shadow Cut
슬라이서,Slicer
본 실드,Bone Shield
인법 : 허물 벗기,Transformation: Molting
발목 타격,Ankle Cut
샤이닝컷,Shining Cut
다이빙 애로우,Diving Arrow
날다람쥐,Flying Squirrel
샤인 스파크,Shining Spark
스위프트,Swift
이레이저,Eraser
히트엔드,Hit End
커스 스피어,Curse Spear
단검 마스터리,Dagger Mastery
쌍검 마스터리,Dual Blade Mastery
밴디트컷,Bandit Cut
에어리얼 점프,Aerial Jump
소드 댄스,Sword Dance
더블 피어스,Double Piercer
체인소,Chain Saw
셰이크 다운,Shake Down
사이드 스텝,Side Step
브레이킹 러시,Breaking Rush
허리케인,Hurricane
라이트닝 애로우,Lightning Arrow
버티컬 스파이럴,Vertical Spiral
데스 허리케인,Death Hurricane
소닉 어설트,Sonic Assault
엑셀 스트라이크,Excel Strike
문아크,Moon Arc
염화참 강화,Flame Cut Upgrade
다크 소울 강화,Dark Soul Upgrade
인법 : 허물 벗기 강화,Transformation: Molting Upgrade
날다람쥐 강화,Flying Squirrel Upgrade
쿠나이 던지기 강화,Kunai Throw Upgrade
커스 스피어 강화,Curse Spear Upgrade
이레이저 강화,Eraser Upgrade
다이빙 애로우 강화,Diving Arrow Upgrade
발목 타격 강화,Ankle Cut Upgrade
샤이닝컷 강화,Shining Cut Upgrade
본 실드 강화,Bone Shield Upgrade
실버스트림,Silver Stream
라이징 컷 강화,Rising Cut Upgrade
슬라이서 강화,Slicer Upgrade
섀도우컷 강화,Shadow Cut Upgrade
더블 피어스 강화,Double Piercer Upgrade
허리케인 강화,Hurricane Upgrade
엑셀 스트라이크 강화,Excel Strike Upgrade
버티컬 스파이럴 강화,Verticle Spiral Upgrade
라이트닝 애로우 강화,Lightning Arrow Upgrade
체인소 강화,Chain Saw Upgrade
소닉 어설트 강화,Sonic Assault Upgrade
밴디트컷 강화,Bandit Cut Upgrade
소드 댄스 강화,Sword Dance Upgrade
체인소 러시 강화,Chain Saw Rush Upgrade
체인소 러시,Chain Saw Rush
어슬랜트 스파이럴 강화,Aslant Spiral Upgrade
어슬랜트 스파이럴,Aslant Spiral
엑조틱 램펀트,Exotic Rampant
히트 블리드,Hit Bleed
디스트리뷰션,Distribution
노바 램넌트,Nova Remnant
사령술사의 경갑 마스터리,Necromancer Light Armor Mastery
니콜라스 강령,Nicholas Rapport
좀비 강령,Zombie Rapport
복종하는 사령,Obedient Ghost
어둠의 손톱,Dark Nail
흑사진,Black Web
어둠의 고리,Ring of Darkness
암흑의 의식,Dark Ritual
야행혼,Soul Lure
흑마법서 : 망자의 혼,Black Magic Tome: Spirit of the Dead
망자의 원한,Dead Man's Grudge
학살의 발라크르 강령,Vallacre the Slaughterer
발라크르의 맹약,Vallacre's Pledge
발라크르의 야망,Vallacre's Grasp
흡기암경파,Black Wave
기요틴,Guillotine
리빙데드,Living Dead
학살자의 공포,Fear of the Slaughterer
니콜라스 강령 강화,Nicholas Rapport Upgrade
팬텀스트롬,Phantom Storm
야행혼 강화,Soul Homing Upgrade
흑사진 강화,Black Web Upgrade
리빙데드 강화,Living Dead Upgrade
학살의 발라크르 강령 강화,Vallacre the Slaughterer Upgrade
좀비 강령 강화,Zombie Rapport Upgrade
기요틴 강화,Guillotine Upgrade
흡기암경파 강화,Black Wave Upgrade
어둠의 손톱 강화,Dark Nail Upgrade
망자의 원한 강화,Dead Man's Grudge Upgrade
발라크르의 야망 강화,Vallacre's Grasp Upgrade
망자의 집념,Dead Man's Obsession
망자의 집념 강화,Dead Man's Obsession Upgrade
분기암경파,Black Energy Wave
분기암경파 강화,Black Energy Wave Upgrade
블랙 아라크니아,Black Arachnea
언홀리 마스터리,Unholy Mastery
익스큐서너 슬래쉬,Executioner Slash
발라크르 현신,Vallacre Incarnation
쿠노이치의 천 마스터리,Kunoichi Cloth Armor Mastery
인술,Ninjutsu
차크라 웨펀 착용 가능,Chakra Weapon Mastery
화염구,Fire Art: Fireball
환영 다중 수리검,Multi Illusion Shuriken
인법 : 통나무분신술,Ninpo: Log Clone
화둔 : 홍염,Fire Art: Crimson Flare
화염의 인,Fire Nin
화염선풍,Flame Tornado
차크라 웨펀 숙련,Chakra Weapon License
나선 대차륜 쿠나이,Spiral Wheel Kunai
인법 : 잔영 남기기,Ninpou: Shadow Clone
열화천도,Heavenly Fire Blast
인법 : 바꿔치기,Ninpou: Decoy
인법 : 육도윤회,Ninpou: Cycles of Eternity
두꺼비유염탄,Toad Oil Bomb
비기 : 염무개화,Secret Art: Blazing Blossom
암영술,Dark Shadow
초열혼폭술,Burning Stigma
화염구 강화,Fire Art: Fireball Upgrade
흉멸인법진,Circles of Inferno
열화천도 강화,Heavenly Fire Blast Upgrade
인법 : 바꿔치기 강화,Ninpou: Decoy Upgrade
차크라 웨펀 숙련 강화,Chakra Weapon Mastery Upgrade
환영 다중 수리검 강화,Multi Illusion Shuriken Upgrade
화염선풍 강화,Flame Tornado Upgrade
나선 대차륜 쿠나이 강화,Spiral Wheel Kunai Upgrade
비기 : 염무개화 강화,Secret Art: Blazing Blossom Upgrade
두꺼비유염탄 강화,Toad Oil Bomb Upgrade
암기 : 비연수리검,Flying Shuriken
암기 : 비연수리검 강화,Flying Shuriken Upgrade
마환 풍마수리검,Spiral Flame Shuriken
마환 풍마수리검 강화,Spiral Flame Shuriken Upgrade
야마타오로치,Yamata no Orochi
야타의 거울,Yata Mirror
광휘의 팔척곡옥,Radiant Mega Jade
아마테라스,Amaterasu
쿠사나기의 검,Sword of Kusanagi
섀도우댄서의 가죽 마스터리,Shadow Dancer Leather Armor Mastery
넥 디바이더,Neck Divider
암살기술,Assassination Method
그림자 이동,Shadow Trip
날카로운 단검,Sharp Dagger
홀드업!,Hold Up
섀도우 댄싱,Shadow Dancing
심장 찌르기,Heart Thrust
그림자 유도분신,Shadow Decoy
나락 떨구기,Abyss Drop
암살자의 마음가짐,Assassin's Attitude
칼날돌풍,Blade Cyclone
코버트 액션,Covert Operation
파이널 디스트럭션,Final Destruction
암살,Assassination
배후습격,Rear Ambush
절명의 그림자,Killing Shadow
넥 디바이더 강화,Neck Divider Upgrade
암살 강화,Assassination Upgrade
칼날돌풍 강화,Blade Cyclone Upgrade
나락 떨구기 강화,Abyss Drop Upgrade
심장 찌르기 강화,Heart Thrust Upgrade
홀드업! 강화,Hold Up Upgrade
파이널 디스트럭션 강화,Final Destruction Upgrade
섀도우 댄싱 강화,Shadow Dancing Upgrade
코버트 액션 강화,Covert Operation Upgrade
단검투척,Dagger Throw
단검투척 강화,Dagger Throw Upgrade
섀도우 스팅,Shadow Sting
섀도우 스팅 강화,Shadow Sting Upgrade
죽음의 연무,Deadly Dance
베일드 어택,Veiled Attack
페이탈 블리츠,Fatal Blitz
체인 리액션,Chain Reaction
올려차기,High Kick
무릎 찍기,Knee Kick
순보,Flash Move
뇌전각,Lightning Leg Strike
역혈기공,Nen Tattoo
넨가드,Nen Guard
나선의 넨 : 출,Spiral Nen Press
나선의 넨 : 주,Spiral Nen: Stone
기호지세,Haitai Summon
넨의 극의,Nen Conduit
무릎 찍기 강화,Knee Kick Upgrade
금뇌호 : 심판의 넨수,Lion of Suju
뇌전각 강화,Lightning Leg Strike Upgrade
올려차기 강화,High Kick Upgrade
축염포 강화,Upgrade Nen Cannon
기호지세 강화,Haitai Summon Upgrade
나선의 넨 : 주 강화,Spiral Nen: Stone Upgrade
넨 스피어 강화,Nen Spear Upgrade
넨 스피어,Nen Spear
기공환,Electric Energy Sphere
기공환 강화,Electric Energy Sphere Upgrade
제황나선격,Overlord Spiral Blade
광풍나선력,Windstorm Spiral Power
나선흡기,Spiral Absorption
월광대지,Moonlight Land
휘광의 성체,Resplendent Form
뇌격,Torpedo
강습펀치,Raid Punch
섬보,Flash Move
홍염 질풍각,Flame Tornado Kick
클로즈 킥,Close Kick
헥토파스칼 킥,Dragon Kick
효율적인 연소,Slow Burn
화염의 각,Suju Inferno
뇌격 강화,Torpedo Upgrade
홍염 질풍각 강화,Flame Tornado Kick Upgrade
클로즈 킥 강화,Close Kick Upgrade
헥토파스칼 킥 강화,Dragon Kick Upgrade
비연선풍,Whirlwind Kick
비연선풍 강화,Whirlwind Kick Upgrade
스핀 킥 강화,Spin Kick Upgrade
스핀 킥,Spin Kick
화력개방,Fire Release
낙화,Power Descent
아토믹 캐넌,Atomic Cannon
패황연격,Tyrant Strike
자동 장전,Auto Load
독병 투척,Poison Throw
강화 투척,Strengthened Throw
뒷골목 싸움법,Backstreet Fighting Trick
뒷주머니,Back Pocket
바늘 투척,Needle Throw
블럭 투척,Block Throw
그라운드 태클,Ground Tackle
그물 투척,Net Throw
니들 스핀,Needle Spin
천수천안,Thousand Hands
독병 투척 강화,Poison Throw Upgrade
천붕지괴,Cursed Quake
니들 스핀 강화,Needle Spin Upgrade
그라운드 태클 강화,Ground Tackle Upgrade
바늘 투척 강화,Needle Throw Upgrade
블럭 투척 강화,Block Throw Upgrade
더티 배럴,Dirty Barrel
더티 배럴 강화,Dirty Barrel Upgrade
광폭혈쇄,Blood Rage Chain
광폭혈쇄 강화,Blood Rage Chain Upgrade
룰 브레이크,Rule Break
체인 드라이브,Chain Drive
만천화우,Cave-in
개조형 파진포 : 연화,Upgraded Poison Mine: Firelock
그랩캐넌,Grab Cannon
건틀릿 마스터리,Gauntlet Mastery
임팩트 콤비네이션,Impact Combination
브레이크 다운,Break Down
스냅 샷,Snap Shot
블로우 스트라이크,Slam Kick
매그넘설트,Magnumsault
롤링 스파이크,Rolling Spike
반격,Counter Strike
나의 공격리듬은!!,Rhythmic Assault
매그넘설트 강화,Magnumsault Upgrade
롤링 스파이크 강화,Rolling Spike Upgrade
블로우 스트라이크 강화,Slam Kick Upgrade
스냅 샷 강화,Snap Shot Upgrade
브레이크 다운 강화,Break Down Upgrade
피어스 강화,Pierce Upgrade
피어스,Pierce
한놈만 팬다!!,Focused Fury
한놈만 팬다!! 강화,Focused Fury Upgrade
흑진광풍,Black Tornado
가장 강한 녀석은 누구냐?,Who's the Strongest?
오의 : 질풍노도,Technique: Storm Diver
일자전승 : 극의 진천노호,Sole Bearer: Quaking Tiger
윈드 스트라이크,Wind Strike
어비스,The Abyss
엘레멘탈 바머의 천 갑옷 마스터리,Elemental Bomber Cloth Armor Mastery
불사,Immortality
물대포,Water Cannon
금나장,Trap Strike
연속발사,Rapid Fire
귀설화,Ghost Flame
텔레포트,Teleport
화염 방패,Flame Shield
빙백검,Ice Sword
엘레멘탈 캐넌,Elemental Cannon
속성 보호,-
속성 발동,Elemental Shift
크리스탈 어택,Crystal Crash
엘레멘탈 포스,Elemental Force
파이어로드,Infernal Road
마나 폭주,Mana Burst
원소 폭격,Elemental Bombardment
엘레멘탈 실드,Elemental Barrier
암전,Dark Zone
체인라이트닝,Chain Lightning
아이스 크리스탈 샤워,Crystal Storm
플레임 서클,Flame Circle
다크니스 멘틀,Darkness Mantle
라이트닝 월,Lightning Wall
엘레멘탈 레인,Elemental Rain
페이탈 엘레멘트,Fatal Element
화염 방패 강화,Flame Shield Upgrade
엘레멘탈 버스터,Elemental Burst
물대포 강화,Water Cannon Upgrade
속성 발동 강화,Elemental Shift Upgrade
금나장 강화,Trap Strike Upgrade
귀설화 강화,Ghost Flame Upgrade
윈드 스트라이크 강화,Wind Strike Upgrade
빙백검 강화,Ice Sword Upgrade
크리스탈 어택 강화,Crystal Crash Upgrade
라이트닝 월 강화,Lightning Wall Upgrade
체인라이트닝 강화,Chain Lightning Upgrade
플레임 서클 강화,Flame Circle Upgrade
아이스 크리스탈 샤워 강화,Crystal Storm Upgrade
파이어로드 강화,Infernal Road Upgrade
암전 강화,Dark Zone Upgrade
다크니스 멘틀 강화,Darkness Mantle Upgrade
엘레멘탈 레인 강화,Elemental Rain Upgrade
컨센트레이트,Concentrated Force
컨센트레이트 강화,Concentrated Force Upgrade
엘레멘탈 스트라이크,Elemental Strike
엘레멘탈 스트라이크 강화,Elemental Strike Upgrade
검은 눈,Dark Eyes
엘레멘탈 필드,Elemental Field
컨버전스 캐넌,Convergence Cannon
아마겟돈 스트라이크,Armageddon Strike
빙결사의 가죽 갑옷 마스터리,Glacial Master Leather Armor Mastery
프로즌웨폰 마스터리,Frozen Weapon Mastery
수인체,Ice Body
설화연창,Ice Lance
회전투창,Windmill Spear
아이스 로드,Path of Frost
발현,Insight
피어스 오브 아이스,Grand Shatter
공명,Resonance
브로큰 애로우,Broken Arrow
크리스탈 블레이드,Crystal Blade
아이스 크래쉬,Ice Crash
아이스 빅 해머,Ice Hammer
아이스맨,Ice Trap
핀포인트 러쉬,Pinpoint Rush
블리자드 스톰,Blizzard Storm
툰드라의 가호,Frozen Soul
빙류환,Ice Chain
피어스 오브 아이스 강화,Grand Shatter Upgrade
아이스 빅 해머 강화,Ice Hammer Upgrade
회전투창 강화,Windmill Spear Upgrade
아이스 크래쉬 강화,Ice Crash Upgrade
브로큰 애로우 강화,Broken Arrow Upgrade
아이스맨 강화,Ice Trap Upgrade
설화연창 강화,Ice Lance Upgrade
아이스 오브,Ice Orb
아이스 오브 강화,Ice Orb Upgrade
블리자드 스톰 강화,Blizzard Storm Upgrade
아이스 필드 강화,Ice Field Upgrade
아이스 필드,Ice Field
아이스크래프트,Ice Craft
샤드 매그넘,Shard Magnum
오버프리즈 익스텐션,Over Freeze: Extension
쥬데카 디 이터널,Judecca the Eternal
피로 적신 가죽 마스터리,Bloodstained Leather Armor Mastery
크리핑,Creeping
데드 핸즈,Dead Hands
블러드 윙,Blood Wings
블러드,Sanguinem
릴리악,Lilliac
오퍼링,Offering
쉬카리,Shikari
릴로이,Lilroi
블러드 번,Blood Burn
헬베루즈,Hellberus
팽,Fang
토먼트,Torment
소울 스틸,Soul Steal
커럽션,Corruption
어밴던,Abandon
체페슈,Tepes
릴리악 강화,Lilliac Upgrade
블러드 윙 강화,Blood Wings Upgrade
팽 강화,Fang Upgrade
릴로이 강화,Lilroi Upgrade
쉬카리 강화,Shikari Upgrade
헬베루즈 강화,Hellberus Upgrade
오퍼링 강화,Offering Upgrade
토먼트 강화,Torment Upgrade
소울 스틸 강화,Soul Steal Upgrade
커럽션 강화,Corruption Upgrade
럼블독,Rumble Dog
럼블독 강화,Rumble Dog Upgrade
머로더 강화,Marauder Upgrade
머로더,Marauder
팬텀 베일,Phantom Veil
트루 블러드,Sanguis Verus
페이탈리티,Fatality
블러드 스트림,Blood Stream
격렬한 폭풍의 가죽 갑옷 마스터리,Fierce Storm Leather Armor Mastery
소닉 무브,Sonic Move
휘몰아치는 질풍의 봉 마스터리,Spiraling Gale Pole Mastery
바람의 주인,Wind Master
삭풍,Northern Wind
윈드니스,Windiness
대진공,Headwind
윈드 블래스터,Wind Blaster
회오리 바람,Twister
싹쓸바람,Sweeping Wind
폭풍의 눈,Eye of the Storm
칼날 바람,Razor Wind
휘몰아치는 바람,Relentless Biting Wind
스톰 스트라이크,Storm Strike
풍신의 힘,Wind God's Power
볼텍스 허리케인,Vortex Hurricane
삭풍 강화,Northern Wind Upgrade
소닉 무브 강화,Sonic Move Upgrade
싹쓸바람 강화,Sweeping Wind Upgrade
회오리 바람 강화,Twister Upgrade
윈드 블래스터 강화,Wind Blaster Upgrade
대진공 강화,Headwind Upgrade
칼날 바람 강화,Razor Wind Upgrade
폭풍의 눈 강화,Eye of the Storm Upgrade
휘몰아치는 바람 강화,Relentless Biting Wind Upgrade
스톰 스트라이크 강화,Storm Strike Upgrade
질풍가도,Full Throttle
질풍가도 강화,Full Throttle Upgrade
스톰 퀘이커,Storm Quaker
스톰 퀘이커 강화,Storm Quaker Upgrade
세컨드 윈드,Second Wind
스파이럴 프레스,Spiral Press
바이올런트 스톰,Violent Storm
스톰 엘리미네이트,Stormy Eliminator
디멘션워커의 천 갑옷 마스터리,Dimension Walker Cloth Armor Mastery
사상경계의 저편,Beyond This Realm
결벽증,Mysophobia
오버센스,Hypersense
차원 : 액시던트,Dimension: Accident
괴리 : 디멘션 할로우,Divergence: Dimension Hollow
차원 : 실루엣,Dimension: Silhouette
차원 : 디멘션 리프,Dimension: Dimension Leap
도그마 디바이스,Dogma Device
티 타임,Tea Time
괴리 : 금단의 니알리,Divergence: Forbidden Nyarly
경계망상,Borderline Paranoia
망상의 불꽃,Delusional Flames
차원 : 차원광,Flame Shield
차원 : 칼레이도스코프,Dimension: Kaleidoscope
괴리 : 할리퀸,Divergence: Harlequin
괴리 : 크로울링 미스트,Divergence: Crawling Mist
차원 : 시공폭뢰,Dimension: Spacetime Explosion
차원 : 차원회랑,Dimension: Dimension Corridor
괴리 : 패러사이트 스웜,Divergence: Parasite Swarm
차원 : 포지트론 블래스트,Dimension: Positron Blast
운명왜곡,Distort Destiny
차원 : 액시던트 강화,Dimension: Accident Upgrade
괴리 : 형용할 수 없는 공포,Divergence: Indescribable Fear
차원 : 칼레이도스코프 강화,Dimension: Kaleidoscope Upgrade
차원 : 시공폭뢰 강화,Dimension: Spacetime Explosion Upgrade
괴리 : 패러사이트 스웜 강화,Divergence: Parasite Swarm Upgrade
괴리 : 금단의 니알리 강화,Divergence: Forbidden Nyarly Upgrade
차원 : 차원광 강화,Dimension: Dimensional Laser Upgrade
차원 : 디멘션 리프 강화,Dimension: Dimension Leap Upgrade
차원 : 차원회랑 강화,Dimension: Dimension Corridor Upgrade
차원 : 실루엣 강화,Dimension: Silhouette Upgrade
괴리 : 할리퀸 강화,Divergence: Harlequin Upgrade
차원 : 포지트론 블래스트 강화,Dimension: Positron Blast Upgrade
차원 : 패러다임 디토네이션 강화,Dimension: Paradigm Detonation Upgrade
차원 : 패러다임 디토네이션,Dimension: Paradigm Detonation
괴리 : 칙 잇 강화,Divergence: Whip Skewer Upgrade
괴리 : 칙 잇,Divergence: Whip Skewer
SSTH,SSTH
차원 : 싱귤래리티 매니플레이션,Dimension: Singularity Manipulation
괴리 : 저편의 자장가,Divergence: Lullaby from Beyond
차원괴리 : 금단의 연회,Dimensional Divergence: Forbidden Banquet
바운스 블로우,Bounce Blow
브리프 컷,Brief Cut
경갑 마스터리,Master Light Armor Mastery
중갑 마스터리,Heavy Armor Mastery
다크 슬래쉬,Dark Slash
천 갑옷마스터리,Cloth Armor Mastery
어퍼,Uppercut
판금 갑옷 마스터리,Plate Armor Mastery
다크 크로스,Dark Cross
웨이브,Wave
스핀 어택,Spin Attack
베인 슬래쉬,Vein Slash
그랜드 웨이브,Grand Wave
홉 스매쉬,Hop Smash
피어스 스트라이크,Fierce Strike
트리플 스탭,Triple Stabs
어둠의 대검 마스터리,Shadowy Zanbato Mastery
어둠의 도 마스터리,Shadowy Katana Mastery
다크 익스플로젼,Dark Explosion
어둠의 둔기 마스터리,Shadowy Bludgeon Mastery
어둠의 소검 마스터리,Shadowy Short Sword Mastery
다크 웨이브,Dark Wave
어둠의 광검 마스터리,Shadowy Lightsabre Mastery
윕 어택,Whip Attack
다크 레이브,Dark Rave
래피드 무브,Rapid Move
오버플로우,Overflow
다크 크래셔,Dark Crasher
다크 러스트,Dark Lust
다크 볼,Dark Ball
다크 소드,Dark Sword
쇼크 웨이브,Shock Wave
다크 폴,Dark Fall
드로우 소드,Draw Sword
다크 플레임 소드,Dark Flame Sword
모멘터리 슬래쉬,Momentary Slash
다크 브레이크,Dark Break
웨이브 스핀,Wave Spin
일루젼 슬래쉬,Illusion Slash
타임 스톱,Time Stop
홉 스매쉬 강화,Hop Smash Upgrade
팬텀 소드,Phantom Sword
베인 슬래쉬 강화,Vein Slash Upgrade
피어스 스트라이크 강화,Fierce Strike Upgrade
다크 익스플로젼 강화,Dark Explosion Upgrade
어퍼 강화,Uppercut Upgrade
다크 크로스 강화,Dark Cross Upgrade
자각,Awakening
다크 슬래쉬 강화,Dark Slash Upgrade
웨이브 강화,Wave Upgrade
스핀 어택 강화,Spin Attack Upgrade
그랜드 웨이브 강화,Grand Wave Upgrade
다크 소드 강화,Dark Sword Upgrade
다크 브레이크 강화,Dark Break Upgrade
일루젼 슬래쉬 강화,Illusion Slash Upgrade
다크 러스트 강화,Dark Lust Upgrade
다크 폴 강화,Dark Fall Upgrade
모멘터리 슬래쉬 강화,Momentary Slash Upgrade
다크 볼 강화,Dark Ball Upgrade
다크 플레임 소드 강화,Dark Flame Sword Upgrade
다크 레이브 강화,Dark Rave Upgrade
윕 어택 강화,Whip Attack Upgrade
웨이브 스핀 강화,Wave Spin Upgrade
래피드 무브 강화,Rapid Move Upgrade
쇼크 웨이브 강화,Shock Wave Upgrade
드로우 소드 강화,Draw Sword Upgrade
다크 웨이브 폴 강화,Dark Wave Fall Upgrade
다크 웨이브 폴,Dark Wave Fall
차지 익스플로전,Charge Explosion
차지 익스플로전 강화,Charge Explosion Upgrade
차원일치,Space-time Union
다크 버스트,Dark Burst
타임 브레이크,Time Break
화염,Fire
파이어월,Firewall
운석 낙하,Meteor Drop
아이스 플레이트,Ice Plate
아이스 스톤,Ice Stone
냉기,Ice
우드 트랩,Wooden Trap
드로우,Draw
상상력,Imagination
방해,Interference
계열 강화,Type Upgrade
플레임 허리케인,Flame Hurricane
아이스 실드,Ice Shield
수호,Protection
증폭,Boost
바람,Wind
윈드 스톰,Wind Storm
윈드 프레스,Wind Press
이해,Understanding
아이스 플레이트 강화,Ice Plate Upgrade
운석 낙하 강화,Meteor Drop Upgrade
웜홀,Wormhole
소멸,Destruction
파이어월 강화,Firewall Upgrade
아이스 스톤 강화,Ice Stone Upgrade
웜홀 강화,Wormhole Upgrade
윈드 스톰 강화,Wind Storm Upgrade
플레임 허리케인 강화,Flame Hurricane Upgrade
아이스 실드 강화,Ice Shield Upgrade
윈드 프레스 강화,Wind Press Upgrade
빙하시대 강화,Ice Age Upgrade
빙하시대,Ice Age
재현,Reenactment
링크,Link
조율,Tuning
링크 강화,Link Upgrade
천지창조,World Creator
왜곡,Distortion
타임 포워드,Time Forward
창조,Creation
창조의 공간,Creative Space
암흑참,Demonic Slash
냉정함,Composure
소드 마스터의 경갑 마스터리,Sword Master Light Armor Mastery
승천검,Ascending Sword
태산압정,Mountain Press
시륜검,Flying Tips
혈십자검,Cross Slash
검막,Sword Barrier
회전격,Spinning Blade
처단,Castigation
사영검,Shadow Snake Attack
파쇄의 둔기 마스터리,Crushing Bludgeon Mastery
견고의 대검 마스터리,Robust Zanbato Mastery
쾌속의 도 마스터리,Swift Katana Mastery
납도,Swordplay
발검술,Blade Dance
속성의 소검 마스터리,Elemental Short Sword Mastery
속성변환,Elemental Shift
제국검술,Imperial Swordsmanship
연환격,Sliding Slash
쾌속검,Swift Sword
방검술,Auto Deflect
승천,Ascent
환검,Illusion Sword
신검합일,Sentiment Du Fer Critical
마검발현,Magic Sword Medley
비연참,Tossing Slash
반월,Crescent
섬광,Flash
폭명기검,Arcane Sword Blast
악즉참,Swift Demon Slash
참격혼,Soul Render
반격 강화,Counter Strike Upgrade
극 귀검술 : 시공섬,Ultimate Slayer Technique: Spacetime Cutter
속성변환 강화,Elemental Shift Upgrade
회전격 강화,Spinning Blade Upgrade
혈십자검 강화,Cross Slash Upgrade
사영검 강화,Shadow Snake Attack Upgrade
암흑참 강화,Demonic Slash Upgrade
연환격 강화,Sliding Slash Upgrade
처단 강화,Castigation Upgrade
시륜검 강화,Flying Tips Upgrade
검막 강화,Sword Barrier Upgrade
승천검 강화,Ascending Sword Upgrade
태산압정 강화,Mountain Press Upgrade
섬광 강화,Flash Upgrade
쾌속검 강화,Swift Sword Upgrade
악즉참 강화,Swift Demon Slash Upgrade
폭명기검 강화,Arcane Sword Blast Upgrade
방검술 강화,Auto Deflect Upgrade
환검 강화,Illusion Sword Upgrade
승천 강화,Ascent Upgrade
비연참 강화,Tossing Slash Upgrade
마검발현 강화,Magic Sword Medley Upgrade
반월 강화,Crescent Upgrade
용성락,Dragon Mortar
용성락 강화,Dragon Mortar Upgrade
참마검,Elemental Eradicator
참마검 강화,Elemental Eradicator Upgrade
고대의 맹약,Ancient Pledge
마검방출,Unleash
극 귀검술 : 파검무,Blade Waltz
궁극의 검 : 레바테인,Ultimate Sword: Laevateinn
다크템플러의 판금 마스터리,Dark Templar Plate Armor Mastery
쉐도우 랜서,Shadow Lancer
우시르의 저주,Usir's Curse
히든 블레이드,Hidden Blade
쉐도우 바인딩,Shadow Binding
쉐도우 하이딩,Shadow Hiding
쉐도우 하베스트,Shadow Harvest
스카폴드,Scaffold
소울드레인,Soul Drain
이보브,Evolve
쉐도우 퍼펫,Shadow Clone
리버레이트 - 벅샷,Liberate - Buckshot
리버레이트 - 매드니스,Liberate - Madness
컨제스트,Congest
블랙 미러,Black Mirror
데들리 케이프,Deadly Cape
디스트로이어,Destroyer
충실한 종,Loyal Servant
둠스데이,Doomsday
쉐도우 랜서 강화,Shadow Lancer Upgrade
스카폴드 강화,Scaffold Upgrade
디스트로이어 강화,Destroyer Upgrade
블랙 미러 강화,Black Mirror Upgrade
쉐도우 퍼펫 강화,Shadow Clone Upgrade
리버레이트 - 벅샷 강화,Liberate - Buckshot Upgrade
데들리 케이프 강화,Deadly Cape Upgrade
이보브 강화,Evolve Upgrade
쉐도우 하베스트 강화,Shadow Harvest Upgrade
쉐도우 바인딩 강화,Shadow Binding Upgrade
리버레이트 - 매드니스 강화,Liberate - Madness Upgrade
소울드레인 강화,Soul Drain Upgrade
스타폴,Starfall
스타폴 강화,Starfall Upgrade
이몰레이션,Immolation
이몰레이션 강화,Immolation Upgrade
베스퍼스,Vespers
데우스 엑스 레이,Deus-Ex Ray
지하드,Judgment
퍼니쉬먼트,Punishment
데몬 슬레이어의 중갑 마스터리,Demon Slayer Heavy Armor Mastery
사복검 - 발,Soaring Blades - Draw
파천세,Heaven Cleaver
사복검 - 무,Soaring Blades - Thrash
광폭화,Berserk
사형조수,Blade Retraction
사복검 - 조,Soaring Blades - Impale
마검 제어,Magic Sword Control
폭류나선,Wild Thrash
분마검,Freed Blade
혈화난무,Bleeding Blades
혈지군무,Sanguine Choreography
검마격살,Sword Demon Strike
탐욕의 번제,Offering for the Greedy
암연검 : 기가 블레이드,Gloom Sword: Giga Blade
사복검 강화,Soaring Blades Upgrade
폭류나선 강화,Wild Thrash Upgrade
사형조수 강화,Blade Retraction Upgrade
분마검 강화,Freed Blade Upgrade
검마격살 강화,Sword Demon Strike Upgrade
혈지군무 강화,Sanguine Choreography Upgrade
혈화난무 강화,Bleeding Blades Upgrade
역천의 프놈,Usurper Phnom
역천의 프놈 강화,Usurper Phnom Upgrade
혈마검 강화,Sanguinem Gladio Upgrade
혈마검,Sanguinem Gladio
마인의 검세,Majin Blades
암연격 : 기가슬래쉬,Gloom Strike: Giga Slash
비인외도 : 극,Inhumane Doctrine: Extremity
파계검 : 라그나로크,Transgression Sword: Ragnarok
베가본드의 가죽 마스터리,Vagabond Leather Armor Mastery
삼재검,Blade Triangle
삼재회륜검,Blade Integrity
회륜,Gyre
보조무기 장착가능,Secondary Weapon Mastery
양의공,Qigong - Yang
흡기,Spiritual Suction
오기조원,Quintuple Strength
삼화취정,Spiritual Trinity
비상,Soaring
발화,-
거압,Oppressive Pressure
극검,Sword Wheel
비연장,Cutting Palms
난화검,Fluttering Blades
폭멸장,Blasting Palm
폭검,Explosive Sword
혜성만리,Comet Rush
삼매진화,Cleansing Fire
경전지화,Verdant Blast
삼재회륜검 강화,Blade Integrity Upgrade
양의공 강화,Qigong - Yang Upgrade
혜성만리 강화,Comet Rush Upgrade
폭멸장 강화,Blasting Palm Upgrade
비연장 강화,Cutting Palms Upgrade
난화검 강화,Fluttering Blades Upgrade
폭검 강화,Explosive Sword Upgrade
거압 강화,Oppressive Pressure Upgrade
비상 강화,Soaring Upgrade
발화 강화,-
흡기 강화,Spiritual Suction Upgrade
극검 강화,Sword Wheel Upgrade
십자검,Cross Sword
십자검 강화,Cross Sword Upgrade
백보신장,Explosive Palm
백보신장 강화,Explosive Palm Upgrade
연화검무,Lotus Dance
등봉조극,Zenith
연화섬,Lotus Flash
월광비무,Moonlight Dance
어퍼 실드,Shield Uppercut
라이온 킥,Lion Kick
엘븐 나이트의 판금 마스터리,Elven Knight Plate Armor Mastery
퍼펙트 가드,Defensive Instinct
운명의 수레바퀴,Wheel of Fate
실드 스타크,Stark Shield
리탈 펀토,Lethal Punto
피니쉬!,Finish!
인터셉트,Intercept
방패 방어,Shield Defense
체인지 실드,Change Shield
강인한 신념,Unswayable Conviction
방어 태세,Defense Stance
무장 해제,Disarm
워크라이,War Cry
장미 갑옷,Rose Armor
디멘션 몰트,Dimension Molter
에이션트 보어,Ancient Boar
가디언 라이딩,Guardian Riding
에이션트 디어,Ancient Deer
선고,Sentence
위대한 의지,Great Will
자연의 수호,Nature’s Protection
압도,Overwhelm
엘비쉬 점프,Elvish Jump
신록의 검,Verdant Sword
체인러쉬,Chain Rush
철벽방어,Impregnable Defense
뱅가드 스트랏슈,Vanguard Strash
자연의 속박,Natural Restraint
런지 에볼루션,Lunge Evolution
분쇄,Pulverize
대자연의 가호,Blessing of Mother Nature
리탈 펀토 강화,Lethal Punto Upgrade
라이온 킥 강화,Lion Kick Upgrade
어퍼 실드 강화,Shield Uppercut Upgrade
에이션트 보어 강화,Ancient Boar Upgrade
실드 스타크 강화,Stark Shield Upgrade
장미 갑옷 강화,Rose Armor Upgrade
운명의 수레바퀴 강화,Wheel of Fate Upgrade
피니쉬! 강화,Finish! Upgrade
인터셉트 강화,Intercept Upgrade
무장 해제 강화,Disarm Upgrade
천마 섬광,Pegasus Assault
가디언 라이딩 강화,Guardian Riding Upgrade
에이션트 디어 강화,Ancient Deer Upgrade
분쇄 강화,Pulverize Upgrade
자연의 속박 강화,Natural Restraint Upgrade
선고 강화,Sentence Upgrade
압도 강화,Overwhelm Upgrade
런지 에볼루션 강화,Lunge Evolution Upgrade
뱅가드 스트랏슈 강화,Vanguard Strash Upgrade
신록의 검 강화,Verdant Sword Upgrade
철벽방어 강화,Impregnable Defense Upgrade
엘비쉬 점프 강화,Elvish Jump Upgrade
생명의 전조,Harbinger of Life
생명의 전조 강화,Harbinger of Life Upgrade
신뢰의 돌파 강화,Faithful Breakthrough Upgrade
신뢰의 돌파,Faithful Breakthrough
체인 스트라이크,Chain Strike
용기의 방패,Shield of Courage
자연의 분노,Nature's Fury
트와일라잇 유니콘,Twilight Unicorn
혼혈,Hybrid
카오스의 중갑 마스터리,Chaos Heavy Armor Mastery
테크트리 : 데몬 솔져,Tech Tree: Demon Soldier
테크트리 : 데몬 매지션,Tech Tree: Demon Magician
약식소환 : 보라스,Quick Summon: Voras
공격 금지,Do Not Attack
군단 정렬,Legion Array
약식소환 : 럭키왁키,Quick Summon: Lucky Wacky
수호자 : 악신 아텐,Guardian: Evil God Aten
군단 해산,Legion Dispersion
약식소환 : 히스테릭 워리어,Quick Summon: Hysteric Warrior
공진,Resonance
희생폭탄,Sacrificial Bomb
약식소환 : 트윙클 아티스트,Quick Summon: Twinkle Artist
팬시 트위스트,Fancy Twist
카리스마,Charisma
약식소환 : 젤라틴 마스크,Quick Summon: Gelatin Mask
약식소환 : 뱀파이어 칠드런,Quick Summon: Vampire Children
브레인 스톰,Brainstorm
약식소환 : 크레이지 스핀,Quick Summon: Crazy Spin
파성추,Horde Charge
천공검,Sky Sword
약식소환 : 레이지 햇,Quick Summon: Rage Hat
엘레멘탈 서클,Elemental Circle
제노사이드 크러쉬,Genocide Crush
약식소환 : 빅대디,Quick Summon: Big Daddy
파이널 어택,Final Attack
약식소환 : 하트퀸,Quick Summon: Queen of Hearts
착취,Exploitation
악신난무,Evil God Mayhem
군단 정렬 강화,Legion Array Upgrade
약식소환 : 보라스 강화,Quick Summon: Voras Upgrade
약식소환 : 럭키왁키 강화,Quick Summon: Lucky Wacky Upgrade
약식소환 : 히스테릭 워리어 강화,Quick Summon: Hysteric Warrior Upgrade
공진 강화,Resonance Upgrade
제노사이드 크러쉬 강화,Genocide Crush Upgrade
약식소환 : 젤라틴 마스크 강화,Quick Summon: Gelatin Mask Upgrade
파성추 강화,Horde Charge Upgrade
약식소환 : 빅대디 강화,Quick Summon: Big Daddy Upgrade
약식소환 : 크레이지 스핀 강화,Quick Summon: Crazy Spin Upgrade
팬시 트위스트 강화,Fancy Twist Upgrade
약식소환 : 트윙클 아티스트 강화,Quick Summon: Twinkle Artist Upgrade
약식소환 : 뱀파이어 칠드런 강화,Quick Summon: Vampire Children Upgrade
약식소환 : 레이지 햇 강화,Quick Summon: Rage Hat Upgrade
약식소환 : 하트퀸 강화,Quick Summon: Queen of Hearts Upgrade
파이널 어택 강화,Final Attack Upgrade
천공검 강화,Sky Sword Upgrade
검은 충격 강화,Black Impact Upgrade
검은 충격,Black Impact
미드나잇 카니발,Midnight Carnival
미드나잇 카니발 강화,Midnight Carnival Upgrade
매시브 파이어,Massive Fire
아텐의 화신,Avatar of Aten
대난투,Smash Brawl
아텐 현신,Aten Incarnation
팔라딘의 판금 방어구 마스터리,Lightbringer's Plate Armor Mastery
위핑 웨이브,Sweeping Wave
세라픽 페더,Seraphic Feather
퓨리파잉,Purify
세라픽 폴,Seraphic Fall
디바인 실드,Divine Shield
실드 브레이크,Shield Break
레쓰,Wrath
페이스풀,Faithful
디스럽션,Disruption
레트리뷰션,Retribution
컨페션,Confession
포기브니스,Forgiveness
이스트레인지먼트,Estrangement
컨실리에이션,Conciliation
글로리 오브 더 라이트,Glory of Light
프라이스 오브 미스트러스트,Price of Mistrust
퓨리파잉 강화,Purify Upgrade
위핑 웨이브 강화,Sweeping Wave Upgrade
레트리뷰션 강화,Retribution Upgrade
실드 브레이크 강화,Shield Break Upgrade
레쓰 강화,Wrath Upgrade
디스럽션 강화,Disruption Upgrade
컨페션 강화,Confession Upgrade
포기브니스 강화,Forgiveness Upgrade
이스트레인지먼트 강화,Estrangement Upgrade
컨실리에이션 강화,Conciliation Upgrade
인테그레이션,Integration
디바인 생츄어리,Divine Sanctuary
인테그레이션 강화,Integration Upgrade
멘데이트 오브 헤븐,Mandate of Heaven
멘데이트 오브 헤븐 강화,Mandate of Heaven Upgrade
커맨드먼트,Commandment
옵스트럭션,Obstruction
인게이지먼트,Engagement
저지먼트 콜,Judgment Call
드래곤스케일 경갑 마스터리,Dragon Scale Light Armor Mastery
드래곤투스,Dragon Tooth
파이어 브레스,Fire Breath
용인의 증거,Dragonoid's Token
드래곤 윙,Dragon Wing
블릿츠 스트라이크,Blitz Strike
아스트라 소환,Summon Astra
드래곤 브레스,Dragon Breath
슬레이어,Slayer
버스트 혼,Piercing Horn
폭음폭식,Binge
너클 블래스터,Knuckle Blaster
드래곤 팽,Dragon Fang
드래곤 스매쉬,Dragon Smash
스피닝 레이드,Spinning Raid
대식가,Gormandizer
태도 용제무쌍,Dragon Warrior Princess
폭풍의 숨결,Breath of the Storm
드래곤포스,Dragon Force
울부짖는 뇌광,Roaring Lightning
파이어 브레스 강화,Fire Breath Upgrade
너클 블래스터 강화,Knuckle Blaster Upgrade
폭풍의 숨결 강화,Breath of the Storm Upgrade
태도 용제무쌍 강화,Dragon Warrior Princess Upgrade
블릿츠 스트라이크 강화,Blitz Strike Upgrade
버스트 혼 강화,Piercing Horn Upgrade
드래곤 팽 강화,Dragon Fang Upgrade
스피닝 레이드 강화,Spinning Raid Upgrade
드래곤 스매쉬 강화,Dragon Smash Upgrade
용왕파천 강화,Biting Dragon Upgrade
용왕파천,Biting Dragon
비룡천상,Ascending Dragon
비룡천상 강화,Ascending Dragon Upgrade
계승자,Heiress
미티어 버스트,Meteor Buster
용제출진,Dragon Sortie
종언을 고하는 빛,Ender's Light
퀵 펀토,Quick Punto
헬름 샷,Helm Shot
뱅가드의 중갑 마스터리,Vanguard Heavy Armory Mastery
훅 앤 쓰로우,Hook and Throw
인듀어,Endure
패러트루퍼,Paratrooper
파르티잔 슈트,Partisan Suit
사이드 슬래쉬,Side Slash
앵클 컷,Ankle Cut
스매쉬,Smash
마창 제어,Demonic Lance Mastery
클리브,Cleave
서라운드 브레이크,Surround Break
헤드온 챠지,Inferno Charge
마창 해방,Demonic Unleash
임팩트 스매쉬,Impact Smash
브랜디쉬,Brandish
크레센트 슬래쉬,Crescent Slash
비헤드,Behead
드레드보어,Dread Bore
블레이드 스톰,Blade Storm
디베스테이트,Devastate
마창 지배,Demonic Control
파르티잔 슈트 강화,Partisan Suit Upgrade
유 다이드,Earthshatter
클리브 어퍼 강화,Cleave Upgrade
사이드 슬래쉬 강화,Side Slash Upgrade
앵클 컷 강화,Ankle Cut Upgrade
퀵 펀토 강화,Quick Punto Upgrade
서라운드 브레이크 강화,Surround Break Upgrade
훅 앤 쓰로우 강화,Hook and Throw Upgrade
패러트루퍼 강화,Paratrooper Upgrade
비헤드 강화,Behead Upgrade
헤드온 챠지 강화,Inferno Charge Upgrade
브랜디쉬 강화,Brandish Upgrade
크레센트 슬래쉬 강화,Crescent Slash Upgrade
임팩트 스매쉬 강화,Impact Smash Upgrade
드레드보어 강화,Dread Bore Upgrade
블레이드 스톰 강화,Blade Storm Upgrade
디베스테이트 강화,Devastate Upgrade
런지 스트라이크,Lunge Strike
런지 스트라이크 강화,Lunge Strike Upgrade
둠 글레이브,Doom Glaive
둠 글레이브 강화,Doom Glaive Upgrade
데들리 매서커,Deadly Massacre
마창 각성,Demonic Lance Awakening
버스트 슬래쉬,Burst Slash
데모닉 인페르노,Demonic Inferno
듀얼리스트의 경갑 마스터리,Skirmisher Light Armor Mastery
장창 숙련,Long Lance Mastery
스윌링 스피어,Swirling Spear
미라지 스탠스,Mirage Stance
그라운드 씨커,Ground Seeker
오러 랜스,Aura Lance
트윈 펀토,Double Punto
슈트롬,Axial Vortex
라이징 랜서,Rising Lance
파동연환창,Chain Wave Lance
공아,Sky Piercer
메조싸이클론,Mesocyclone
뇌격점혈섬,Vital Strike
미라지 스트림,Mirage Stream
오러 포스 재블린,Aura Javelin
헬름 샷 강화,Helm Shot Upgrade
공아 강화,Sky Piercer Upgrade
슈트롬 강화,Axial Vortex Upgrade
메조싸이클론 강화,Mesocyclone Upgrade
파동연환창 강화,Chain Wave Lance Upgrade
뇌격점혈섬 강화,Vital Strike Upgrade
트윈 펀토 강화,Double Punto Upgrade
미라지 어택 강화,Upgrade Mirage Attacks
롤링 벌컨,Rolling Vulcan
롤링 벌컨 강화,Rolling Vulcan Upgrade
삼일참월,Crescent Strike
삼일참월 강화,Crescent Strike Upgrade
쿼드러플 드라이브,Quadruple Drive
무형의 창술사,Formless Lance Technique
미스트 플레어,Mist Flare
살극쌍연무,Lethal Flurry
드래고니안랜서의 중갑 마스터리,Dragoon Heavy Armor Mastery
두더지 사냥,Mole Hunt
헌터즈 무브셋,Hunter's Move Set
서번트 랜스,Servant Lance
광창 마스터리,Beam Spear Mastery
니들러,Needler
헌터즈 샤프니스,Hunter's Sharpness
서번트 랜스 : 어썰트,Servant Lance: Assault
버팔로 폴,Buffalo Fall
마나 익스트랙트,Mana Extraction
날개 꿰기,Wing Skewer
서번트 랜스 : 인게이저,Servant Lance: Engager
램 펜스,Ram Fence
번 로커스트,Locust Burning
페니트레잇 헤드,Head Penetration
스케일 그라인더,Scale Grinder
잔류 감각,Lingering Sensation
드래곤 슬레이어,Dragon Slayer
두더지 사냥 강화,Mole Hunt Upgrade
날개 꿰기 강화,Wing Skewer Upgrade
니들러 강화,Needler Upgrade
버팔로 폴 강화,Buffalo Fall Upgrade
서번트 랜스 : 어썰트 강화,Servant Lance: Assault Upgrade
스케일 그라인더 강화,Scale Grinder Upgrade
램 펜스 강화,Ram Fence Upgrade
번 로커스트 강화,Locust Burning Upgrade
서번트 랜스 : 인게이저 강화,Servant Lance: Engager Upgrade
페니트레잇 헤드 강화,Head Penetration Upgrade
팔티잔 스큐어 강화,Partisan Skewer Upgrade
팔티잔 스큐어,Partisan Skewer
어스웜 헌트,Earthworm Hunt
어스웜 헌트 강화,Earthworm Hunt Upgrade
힘의 근원,Fountain of Power
광룡분쇄창,Dragon Grinder Spear
데보닝 슬래셔,Deboning Slasher
데스 차지,Deadly Charge
다크 랜서의 가죽 갑옷 마스터리,Impaler Leather Armor Mastery
제국식 투창술,Imperial Javelin Technique
다크 엠비션,Dark Ambition
더블 쓰로우,Double Throw
잠식,Encroach
암흑나선창,Dark Spiral Lance
어둠의 투창 마스터리,Shadow Javelin Mastery
다크니스,Darkness
피어싱 드라이브,Piercing Drive
디스페어,Despair
다크 베리얼,Dark Barrier
스파이럴 러쉬,Spiral Rush
디퓨젼,Diffusion
다크 스타,Dark Star
흑광폭살,Dark Light Explosion
어둠의 지배자,Ruler of Darkness
광폭 : 흑화연창,Fury: Black Armageddon
다크 엠비션 강화,Dark Ambition Upgrade
더블 쓰로우 강화,Double Throw Upgrade
스파이럴 러쉬 강화,Spiral Rush Upgrade
다크 스타 강화,Dark Star Upgrade
흑광폭살 강화,Dark Light Explosion Upgrade
암흑나선창 강화,Dark Spiral Lance Upgrade
피어싱 드라이브 강화,Piercing Drive Upgrade
디스페어 강화,Despair Upgrade
다크 베리얼 강화,Dark Barrier Upgrade
디퓨젼 강화,Diffusion Upgrade
다크 디비젼 강화,Dark Division Upgrade
다크 디비젼,Dark Division
바이올런트 피어스,Violent Pierce
바이올런트 피어스 강화,Violent Pierce Upgrade
폴링 데스,Falling Death
심연에 드리운 어둠,Darkness Over the Abyss
다크 임펄스,Dark Impulse
멸광천투,Annihilation of Darkness
라이징 슬래쉬,Rising Cut
홀리 스매쉬,Holy Smash
넥 업 사이드,Choke Smash
강습,Raid
치유의 기도,Healing Prayer
무거운 죄업,Heavy Sins
무기 막기,Weapon Parry
날벼락부,Thunder Amulet
계시 : 아리아,Revelation: Aria
빛의 은총,Grace of Light
계시 : 크루세이드,Revelation: Crusade
홀리 플래쉬,Holy Flash
컷 인 대쉬,Cut-in Dash
수호의 축복,Guardian's Blessing
십자가 마스터리,Cross Mastery
세례의 빛,Christening Light
세인트 월,Saint Wall
용맹의 축복,Valor Blessing
에디피케이션,Edification
샤인 크로스,Shining Cross
홀리 써클릿,Holy Circlet
용맹의 아리아,Valiant Aria
정화의 번개,Purifying Lightning
부활,Resurrection
그랜드 크로스 크래쉬,Grand Crashing Cross
재생의 아리아,Regenerative Aria
신실한 열정,Pious Passion
치유의 기도 강화,Healing Prayer Upgrade
강습 강화,Raid Upgrade
넥 업 사이드 강화,Choke Smash Upgrade
고행,Penance
홀리 스매쉬 강화,Holy Smash Upgrade
무기 막기 강화,Weapon Parry Upgrade
홀리 플래쉬 강화,Holy Flash Upgrade
무거운 죄업 강화,Heavy Sins Upgrade
크럭스 오브 빅토리아,Crux of Victoria
라이징 슬래쉬 강화,Rising Cut Upgrade
세례의 빛 강화,Christening Light Upgrade
세인트 월 강화,Saint Wall Upgrade
샤인 크로스 강화,Shining Cross Upgrade
용맹의 아리아 강화,Valiant Aria Upgrade
홀리 써클릿 강화,Holy Circlet Upgrade
정화의 번개 강화,Purifying Lightning Upgrade
그랜드 크로스 크래쉬 강화,Grand Crashing Cross Upgrade
신성한 빛 강화,Light of Divinity Upgrade
리펜텐스 스매시,Repentant Smash
리펜텐스 스매시 강화,Repentant Smash Upgrade
대천사의 축복 강화,Archangel's Blessing Upgrade
대천사의 축복,Archangel's Blessing
우리엘의 결계,Uriel's Ward
라파엘의 축복,Raphael's Blessing
미라클 샤인,Miracle Shine
성창 : 브류나크,Holy Spear: Brionac
이단심판관의 중갑 마스터리,Inquisitor Heavy Armor Mastery
플레게의 화염병,Flege's Firebomb
단죄의 십자가,Punishing Cross
심판관의 전투술,Judge's Combat Technique
배틀액스 마스터리,Battle Axe Mastery
징벌의 일격,Castigating Wallop
플레게의 정수,Flege's Essence
광적인 믿음,Fervent Faith
성화,Holy Fire
심판의 일격,Punishing Wallop
정수 뿌리기,Spray Essence
세례의 불길,Christening Fire
즉결심판,Summary Justice
고결한 격노,Noble Rage
참수,Decollation
이단의 낙인,Heretic's Brand
플레게의 화염병 강화,Flege's Firebomb Upgrade
화형,Death By Burning
단죄의 십자가 강화,Punishing Cross Upgrade
컷 인 대쉬 강화,Cut-in Dash Upgrade
날벼락부 강화,Thunder Amulet Upgrade
고결한 격노 강화,Noble Rage Upgrade
참수 강화,Decollation Upgrade
심판의 일격 강화,Punishing Wallop Upgrade
징벌의 일격 강화,Castigating Wallop Upgrade
플레게의 정수 강화,Flege's Essence Upgrade
성화 강화,Holy Fire Upgrade
세례의 불길 강화,Christening Fire Upgrade
즉결심판 강화,Summary Justice Upgrade
업화의 소용돌이 강화,Infernal Vortex Upgrade
업화의 소용돌이,Infernal Vortex
정화의 불꽃 강화,Purifying Flames Upgrade
정화의 불꽃,Purifying Flames
신벌,God's Wrath
세큐리스 말레피카룸,Securise Maleficarum
차륜형,Burning Wheel
불지옥,Blazing Hell
무녀의 천옷 마스터리,Shaman Cloth Armor Mastery
축지성촌,Reduced Earth
염주 사출,Rosary Gun
목환자경,Bead Shower
구속제압부,Detention Amulet
신탁의 기원,Oracle Prayer
마혼제령술,Exorcistic Plasma
법력 강화,Strengthen Faith
공력의 구,Power Orb
심혼흡성부,Soul Magnet
백팔염주,One Hundred Eight Beads
용의 격노,Dragon's Fury
부동주박진,Rosary Prison
신룡의 여의주,Sacred Dragon Ball
신탁 : 신룡뇌우제,Oracle: Dragon Thunderstorm
목환자경 강화,Bead Shower Upgrade
마혼제령술 강화,Exorcistic Plasma Upgrade
심혼흡성부 강화,Soul Magnet Upgrade
백팔염주 강화,One Hundred Eight Beads Upgrade
용의 격노 강화,Dragon's Fury Upgrade
공력의 구 강화,Power Orb Upgrade
부동주박진 강화,Rosary Prison Upgrade
구속제압부 강화,Detention Amulet Upgrade
시폭염화부,Slow Burn Amulet
시폭염화부 강화,Slow Burn Amulet Upgrade
탈명대염진 강화,Rosary Cannon Upgrade
탈명대염진,Rosary Cannon
용신의 힘,Power of the Dragon God
마혼부 : 퇴마음양옥,Amulet Pentagram
염폭모대주,Holy Comet
현신 : 신룡진노,Incarnation: Raging Godly Dragon
미스트리스의 중갑 마스터리,Mistress Heavy Armor Mastery
죄업에 짓눌린 육신,Sin-burdened Body
듀얼 슬래쉬,Dual Slash
짊어진 자의 낫 마스터리,Sin Carrier's Scythe Mastery
일곱개의 대죄,Seven Deadly Sins
길로틴,Guillotine
러스트 핸드,Lust Hand
프라이드 악셀,Pride Axel
슬로스 바디,Slothful Body
롤링 러쉬,Rolling Rush
그리드 더 러커,Lurking Greed
사이드 매서커,Scythe Massacre
스커드 더 라스,Scud the Wrathful Demon
죄를 고하는자,Sin Sayer
타락의 칠죄종,Seven Sins of Corruption
듀얼 슬래쉬 강화,Dual Slash Upgrade
롤링 러쉬 강화,Rolling Rush Upgrade
길로틴 강화,Guillotine Upgrade
러스트 핸드 강화,Lust Hand Upgrade
프라이드 악셀 강화,Pride Axel Upgrade
타락의 칠죄종 강화,Seven Sins of Corruption Upgrade
슬로스 바디 강화,Slothful Body Upgrade
그리드 더 러커 강화,Lurking Greed Upgrade
사이드 매서커 강화,Scythe Massacre Upgrade
스커드 더 라스 강화,Scud the Wrathful Demon Upgrade
엔비어스 키스 강화,Envious Kiss Upgrade
엔비어스 키스,Envious Kiss
글러트니 바밋,Expel Gluttony
글러트니 바밋 강화,Expel Gluttony Upgrade
퍼스트 프라나 : 금단의 결정체,First Prana: Forbidden Fruit
세컨드 소울,Second Soul
서드 립,Redeeming Spines
라스트 제네시스,Last Genesis
현월참,Black Crescent
히트맨의 경갑 마스터리,Hitman Light Armor Mastery
앵글 샷,Angle Shot
강타,Mighty Strike
G-Bomb,G-Bomb
데드리프트,Dead Lift
뒷목 가격,Rabbit Punch
빔 슬래쉬,Beam Slash
장도 마스터리,Kodachi Mastery
신속 기동,Agile Maneuver
코어 실드,Core Shield
C.Q.B Specter 5,C.Q.B Specter 5
원호 사격,Overwatch
서프라이즈 컷,Surprise Cut
데드 식스,Dead Six
빌 드릴,Bill Drill
기습타격,Surprise Attack
숙련된 전문가,Seasoned Specialist
전술 지휘,Battle Command
집중 사격,Concentrated Fire
카라콜,Caracole
알파 스트라이크,Alpha Strike
휩쓸기,Sweep
최후의 일격,Final Strike
B.G 파이어툴,B.G Fire Tool
빔 슬래쉬 강화,Beam Slash Upgrade
블리츠 크리그,Blitzkrieg
신속 기동 강화,Agile Maneuver Upgrade
원호 사격 강화,Overwatch Upgrade
G-Bomb 강화,G-Bomb Upgrade
현월참 강화,Black Crescent Upgrade
뒷목 가격 강화,Rabbit Punch Upgrade
앵글 샷 강화,Angle Shot Upgrade
강타 강화,Mighty Strike Upgrade
데드리프트 강화,Dead Lift Upgrade
코어 실드 강화,Core Shield Upgrade
집중 사격 강화,Concentrated Fire Upgrade
서프라이즈 컷 강화,Surprise Cut Upgrade
데드 식스 강화,Dead Six Upgrade
빌 드릴 강화,Bill Drill Upgrade
기습타격 강화,Surprise Attack Upgrade
최후의 일격 강화,Final Strike Upgrade
알파 스트라이크 강화,Alpha Strike Upgrade
카라콜 강화,Caracole Upgrade
휩쓸기 강화,Sweep Upgrade
포인트 블랭크,Point Blank
포인트 블랭크 강화,Point Blank Upgrade
헬릭스 다이브,Helix Dive
헬릭스 다이브 강화,Helix Dive Upgrade
B.C 트레이닝,BC Training
택티컬 오펜시브,Tactical Offensive
벽파일섬,Shattering Strike
황혼의 날개,Dusk Wings
요원의 가죽 마스터리,Secret Agent Leather Armor Mastery
로망 대시,Romantic Dash
연속 사격,Consecutive Shots
요원의 전투술,Secret Agent Combat Technique
소태도 마스터리,Kodachi Mastery
쌍현참,Dual Black Crescents
이베이전,Evasion
달빛 가르기,Moonshine Ripper
암살 목표,Assassination Target
임무 시작,Mission Initialization
조준 사격,Aimed Shot
보름달 베기,Full Moon Ripper
암월비보,Shadow Step
목표 사격,Target Shooting
블레이드 팰컨,Blade Falcon
결의,Determination
요인 암살,VIP Assassination
로망 대시 강화,Romantic Dash Upgrade
연속 사격 강화,Consecutive Shots Upgrade
달빛 가르기 강화,Moonshine Ripper Upgrade
쌍현참 강화,Dual Black Crescents Upgrade
보름달 베기 강화,Full Moon Ripper Upgrade
암월비보 강화,Shadow Step Upgrade
목표 사격 강화,Target Shooting Upgrade
블레이드 팰컨 강화,Blade Falcon Upgrade
조준 사격 강화,Aimed Shot Upgrade
목표 포착,Target Detection
목표 포착 강화,Target Detection Upgrade
문페이즈,Lunar Phases
문페이즈 강화,Lunar Phases Upgrade
냉혈,Coolheadedness
월광진혼곡,Moonlight Requiem
섬멸,Annihilation
월식,Lunar Eclipse
트러블 슈터의 중갑 마스터리,Troubleshooter Heavy Armor Mastery
롤링 무브,Rolling Move
더블 배럴,Double Barrels
숙련자의 전투술,Veteran's Combat Technique
중검 마스터리,Square Sword Mastery
브레이크 샷,Break Shot
역전의 승부사,Swashbuckler's Refreshment
소드 밤,Sword Bomb
디퓨전 버스트,Diffusion Burst
화약 다루기,Handle Explosives
G-CTF,G-CTF
오프레션,Oppression
번 투 슬래쉬,Igniting Slash
디스트러블 퀘이크,Disastrous Quake
서프라이즈 프레전트,Surprise Present
리인포스 파이어,Firepower Reinforcement
G-Widow,G-Widow
더블 배럴 강화,Double Barrels Upgrade
소드 밤 강화,Sword Bomb Upgrade
G-CTF 강화,G-CTF Upgrade
번 투 슬래쉬 강화,Igniting Slash Upgrade
오프레션 강화,Oppression Upgrade
디스트러블 퀘이크 강화,Disastrous Quake Upgrade
서프라이즈 프레전트 강화,Surprise Present Upgrade
브레이크 샷 강화,Break Shot Upgrade
디퓨전 버스트 강화,Diffusion Burst Upgrade
퍼펙트 배팅,Perfect Batting
퍼펙트 배팅 강화,Perfect Batting Upgrade
겟 온 파이어,Get On Fire
겟 온 파이어 강화,Get On Fire Upgrade
황야의 무법자,Outlaw of the Wilderness
바이올런트 스매쉬,Violent Smash
더 나인 배럴,The Nine Barrels
인크레더블,Incredible
스페셜리스트의 천 마스터리,Specialist Cloth Armor Mastery
인텐션,Intension
로테이션 웨이브,Rotation Wave
코어 블레이드 마스터리,Core Blade Mastery
테이저,Electricshock Gun
인젝션,Injection
스퀘어리,Squarely
엑소셋,Exocet
코어 프렉시스,Core Praxis
일렉트릭 필러,Electric Pillar
어트랙트 에뮤니션,Attract Ammunition
이미션,Emission
라이트닝 슬래쉬,Lightning Slash
디바이드 어쓰,Divide Earth
앰플리파이,Intensify
버스트 필드,Burst Field
로테이션 웨이브 강화,Rotation Wave Upgrade
디바이드 어쓰 강화,Divide Earth Upgrade
테이저 강화,Electricshock Gun Upgrade
스퀘어리 강화,Squarely Upgrade
엑소셋 강화,Exocet Upgrade
일렉트릭 필러 강화,Electric Pillar Upgrade
라이트닝 슬래쉬 강화,Lightning Slash Upgrade
어트랙트 에뮤니션 강화,Attract Ammunition Upgrade
이미션 강화,Emission Upgrade
에너지 바운스 강화,Energy Bounce Upgrade
에너지 바운스,Energy Bounce
디스펄션 강화,Dispulsion Upgrade
디스펄션,Dispulsion
코어 패러다임,Core Paradigm
라이트 브랜디쉬,Brandish Light
CEAB-2,CEAB-2
익시드,Exceed
백스텝,Backstep
퀵 스탠딩,Quick Rebound
기본기 숙련,Basic Training
도약,Leap
물리 크리티컬 히트,Physical Critical
마법 크리티컬 히트,Magical Critical
물리 백 어택,Physical Rear Attack
마법 백 어택,Magical Rear Attack
고대의 기억,Ancient Memory
불굴의 의지,Indomitable Spirit
투척 마스터리,Throw Mastery
컨버전,Conversion
검기상인,Sword Qi Master
무형지경,State of Incorporeity
극 발검술 : 무형참,Ultimate Blade Dance - Ethereal Slash
찰나의 깨달음,Subitism
내딛는 한걸음,One Step Closer
천제극섬,Pentastrike
각성의 실마리,Clues to Awakening
데모닉 크라운,Demonic Crown
탐식의 크레바스,Ravenous Crevasse
구천강림 : 귀문,Descent of the Nine: Ghost Gate
페이탈 블러드,Fatal Blood
램펀트 매드니스,Rampant Madness
무자비,Ruthlessness
혈귀극도 : 파멸,Blood Majin Strike: Destruction
파동비전 : 혜안,Wave Vision: Insight
파동교류 : 수폭,Wave Exchange: Blast
파동신결 : 천뢰,Wave Weaver: Heaven's Thunder
악귀무쌍,Peerless Ghost
무식 : 신귀극참,Free Style: New Ghost Sword
투귀혼연살(鬪鬼魂連殺),Spectral Genocide
의지를 담은 넨,Fortitude of Nen
천뢰분신보,Psychokinetic Rampage
염인환류파 - 천지개벽,Astral Penetration - Nen Dragons
질풍경초,Extreme Resilience
라이트닝 시프트,Lightning Shift
진(眞) : 각성연환격,Neo: Awakened Sliding Slash
독문마경,Arcane Venomology
페인킬러,Pain Killer
사흑주 독아혼천,Viper Strike
샤이닝 윙즈 플랩,Radiant Wing Driver
스테이블 : 디 얼티밋,The Ultimate Stable
피날레 오브 더 퀸,Queenly Finale
더스트 샷,Dust Shot
더스트 샷 강화,Dust Shot Upgrade
아웃 스탠딩,Outstanding
엑셀레이션 트리거,Acceleration Trigger
데스 크라이시스,Death Crisis
오버부스트 팩,Overboost Pack
인터록 새틀라이트,Interlock Satellite
MLDRS-95,MLDRS-95
오비탈 디재스터,Orbital Disaster
로봇 엔지니어링,Robot Engineering
버추얼 러쉬,Virtual Rush
S.O.P.H.I.A,S.O.P.H.I.A
GW-16 발트슈타인,GW-16 Waldstein
얼리전트,Allegiant
이터널 버스터,Eternal Busters
황야의 폭풍,Wasteland Storm
어시밀레이트,
썬더 레이지,
코스믹 캘러미티,
필살검 천귀살,
포스티쿠스 루나,
지고의 정령왕,
포식의 델라리온,
일기당천 쇄패,
아르모니아,
레이 오브 프리미티브,
프레센시아,
엑스티시온,
잭 프로스트 빙수,Frosty Snow Cone
붉은 사탕,
잭 오 할로윈,
아르스마그나,
불길한 눈웃음,
애정전시,
종막극,
굳건한 의지,Firm Will
징벌,
성스러운 분노 : 아스트라페,
신의 대행자,
최후의 심판,
하나의 정의,
어그레시브 저지먼트,
정의 집행 : 레미디오스의 성좌,
퇴마의 서,Book of Exorcism
역린격,
역린격 강화,
항마신장,
식신멸진:합,
오행(五行):벽천지격,
레쳐스 데빌라이즈,
다이어 스트림,
괴멸의 복음,
하이테크놀로지,High Technology
자연경,State of Nature
광호천지파,Tiger Blast
삼라만상,Celestial Annihilation
섬격,Flash Strike
섬격 강화,Flash Strike Upgrade
한계 개방,Limit Break
필멸의 습격,Mortal Assault
멸화파천격,Infernal Destroyer
로드 투 헬,Road to Hell
피카레스크,Picharesk
배드 엔딩,Bad Ending
부동심,Equanimity
천지역전 : 무뢰(武雷),Basaltic Twister
흑패성진 : 사문격쇄,Volcanic Dynamo
원소 융합,Elemental Fusion
원소의 이해,Elemental Understanding
블러드 혼,Blood Horns
태풍의 전조,Signs of the Storm
자각의 실마리,Clues to Awakening
마검일체,Magic Sword of Unity
극 마검술 : 창륜검,Ultimate Magic Sword: Wind Wheel
엑시던스,Boundless Legacy
리전 오브 슈프림,Supreme Legion
라케르쏜즈,Raking Thorns
인카네이션,Incarnation
콰이터스 리뎀션,Quietus Redemption
혈문지괴검,Terra Daimus
마인의 여왕,Majin Queen
비인검 : 알카트라즈,Daimus the Incarcerator
일화도강,Chain Blast
일화도강 강화,Chain Blast Upgrade
엽해소옥,Kinetic Drift
검선지경,Sword Deity
월하무즉정야,Lunar Arc
힘의 논리,Logic of Power
미라지 부스트,Mirage Boost
절명창,Killer Lance
마창 폭주,Lance Overdrive
절명창 강화,Killer Lance Upgrade
천녀기우제,Celestial Raining Ritual
죄를 깨우는 손길,Sin Awakening Touch
정화의 꽃,Flowers of Purification
죄를 깨우는 손길 강화,Sin Awakening Touch Upgrade