기초 방어구 마스터리,基本防具マスタリー
웨펀마스터의 경갑 마스터리,ウェポンマスターの軽甲マスタリー
귀참,鬼切り
어퍼 슬래쉬,アッパースラッシュ
신속한 무기 교체,迅速な武器入れ替え
가드,ガード
카잔,カザン
쓰러스트,スラスト
공중 연속 베기,空中連続切り
에쉔 포크,アッシュフォーク
열파참,裂波斬
붕산격,崩山撃
소검 마스터리,小剣マスタリー
파동검 지열,波動剣地裂
둔기 마스터리,鈍器マスタリー
무기의 극의,武器の極意
광검 사용 가능,光剣使用
단공참,断空斬
광검 마스터리,光剣マスタリー
백스텝 커터,バックステップカッター
도 마스터리,ブレードマスタリー
고어 크로스,ゴアクロス
대검 마스터리,大剣マスタリー
리 귀검술,鬼剣術奥義
달빛 베기,月光切り
류심 충,流心・衝
류심,流心
류심 쾌,流心・快
오버드라이브,オーバードライブ
오토 가드,オートガード
차지 크래시,チャージクラッシュ
류심 승,流心・昇
이면 뒤집기,背面攻撃
류심 강,流心・強
발도,居合い
차지 버스트,チャージバースト
맹룡단공참,猛竜断空斬
환영검무,幻影剣舞
극 귀검술 : 참철식,極鬼剣術：斬鉄式
열파참 강화,裂波斬強化
파동검 지열 강화,波動剣地裂強化
고어 크로스 강화,ゴアクロス強化
귀참 강화,鬼切り強化
단공참 강화,断空斬強化
어퍼 슬래쉬 강화,アッパースラッシュ強化
가드 강화,ガード強化
쓰러스트 강화,スラスト強化
에쉔 포크 강화,アッシュフォーク強化
기본기 숙련 강화,基本技熟練強化
달빛 베기 강화,月光切り強化
붕산격 강화,崩山撃強化
극 귀검술 : 폭풍식,極鬼剣術：暴風式
발도 강화,居合い強化
오토 가드 강화,オートガード強化
이면 뒤집기 강화,背面攻撃強化
환영검무 강화,幻影剣舞強化
차지 크래시 강화,チャージクラッシュ強化
맹룡단공참 강화,猛竜断空斬強化
류심 강화,流心強化
차지 버스트 강화,チャージバースト強化
극 귀검술 : 유성락,極鬼剣術：流星落
극 귀검술 : 유성락 강화,極鬼剣術：流星落強化
신기의 손놀림,神技の手
극초발도 강화,極超居合い強化
극초발도,極超居合い
극 귀검술 : 심검,極鬼剣術：心剣
극한의 경지,極限の境地
극 발검술 : 섬단,極抜剣術：閃断
이기어검술,以氣御剣術
소울브링어의 천 갑옷 마스터리,ソウルブリンガーのクロースマスタリー
달의 커튼,月のカーテン
사슬 해제,鎖解除
몽롱한 눈의 브레멘,虚ろな目のブレーメン
어둠의 친화,闇の親和
소멸의 의식,消滅の儀式
잔영의 케이가,残影のケイガ
귀백 해방,鬼魄開放
만월 달빛 베기,満月月光切り
귀참 드라이브,鬼切りドライブ
귀검편,鬼剣鞭
냉기의 사야,冷気のサヤ
툼스톤,トゥームストーン
역병의 라사,厄病のラサ
귀참 : 광폭,鬼切り:狂爆
귀영섬,鬼影閃
흑염의 칼라,黒炎のカラ
흑염검,黒炎剣
칠흑의 공포,漆黒の恐怖
몽롱한 눈의 브레멘 강화,虚ろな目のブレーメン強化
제 7의 귀신 : 광폭의 블라슈,第7の鬼神:凶暴のブラッシュ
냉기의 사야 강화,冷気のサヤ強化
귀영섬 강화,鬼影閃強化
흑염의 칼라 강화,黒炎のカラ強化
역병의 라사 강화,厄病のラサ強化
귀참 : 광폭 강화,鬼切り:狂爆強化
귀검편 강화,鬼剣鞭強化
툼스톤 강화,トゥームストーン強化
잔영의 케이가 강화,残影のケイガ強化
귀참 : 나락,鬼切り:奈落
귀참:나락 강화,鬼切り:奈落強化
툼스톤 스웜프,トゥームストーンスワンプ
툼스톤 스웜프 강화,トゥームストーンスワンプ強化
팬텀 마스터리,ファントムマスタリー
블레이드 팬텀,ブレードファントム
검귀강령 : 식,剣鬼降臨:式
지그 강림,ジグ降臨
버서커의 중갑 마스터리,バーサーカーの重甲マスタリー
들끓는 피,沸き立つ血
프렌지,フレンジ
광기,狂気
혈십자,血十字
혈기왕성,血気旺盛
다이하드,ダイハード
폭주,暴走
블러드러스트,狂乱の宴
레이징 퓨리,レイジングフューリー
블러디 레이브,ブラッディレイヴ
격노,激怒
갈증,渇き
블러드 소드,ブラッドソード
아웃레이지 브레이크,アウトレージブレーク
선혈의 추억,鮮血の追憶
익스트림 오버킬,エクストリームオーバーキル
블러드러스트 강화,狂乱の宴強化
레이징 퓨리 강화,レイジングフューリー強化
아웃레이지 브레이크 강화,アウトレージブレーク強化
블러드 소드 강화,ブラッドソード強化
다이하드 강화,ダイハード強化
격노 강화,激怒強化
폭주 강화,暴走強化
블러디 레이브 강화,ブラッディレイヴ強化
블러드 스내치 강화,ブラッドスナッチ強化
블러드 스내치,ブラッドスナッチ
사무치는 광기,身に染みる狂気
버스트 퓨리 강화,バーストフューリー強化
버스트 퓨리,バーストフューリー
블러드 붐,ブラッドブーム
블러드 인카넷,ブラッドインカネット
레드로제,レッドロゼ
블러드 리븐,ブラッドリブン
아수라의 판금 갑옷 마스터리,阿修羅の板金マスタリー
파동각인,波動印
귀문반,鬼門返し
살기감지,殺気感知
진공참,真空剣
수라 진공참,修羅真空斬
정신이 번쩍!,精神集中
파동 해제,波動解放
살의의 파동,鬼神の波動
파동검 빙인,波動剣氷刃
무쌍파,無双波
파동검 폭염,波動剣爆炎
작열 파동진,炸裂波動陣
부동명왕진,不動明王陣
심안,心眼
귀문반 강화,鬼門返し 強化
파동의 눈,波動の眼
살의의 파동 강화,鬼神の波動 強化
진공참 강화,真空剣 強化
파동검 폭염 강화,波動剣爆炎 強化
무쌍파 강화,無双波 強化
부동명왕진 강화,不動明王陣 強化
작열 파동진 강화,炸裂波動陣 強化
파동검 빙인 강화,波動剣氷刃 強化
파동 해제 강화,波動解放 強化
극파동검 빙인,極波動剣氷刃
극파동검 빙인 강화,極波動剣氷刃 強化
극파동검 폭염 강화,極波動剣爆炎 強化
극파동검 폭염,極波動剣爆炎
뇌신의 기운,雷神の気運
파동검 : 인다라망,波動剣:因陀羅網
천뇌 바주라,天雷　バジュラ
뇌신,雷神
검귀의 가죽 마스터리,剣鬼のレザーマスタリー
귀인(鬼人),鬼人
귀연참,鬼連斬
귀신보,鬼神步
원귀 : 일섬,冤鬼：一閃
귀혼환보,鬼魂還歩
검귀의 도 마스터리,剣鬼のブレードマスタリー
청혈투귀,清血闘鬼
연아,連牙
원귀 : 연참,冤鬼：連斬
귀혼일체,鬼魂一体
합격 : 이혼일섬,合撃：二魂一閃
귀연참 : 극,鬼連斬：極
혼백참,魂魄斬
합격 : 월령참,合撃：月霊斬
원귀 : 회천,冤鬼：回天
악귀참수,悪鬼斬首
야차라 불리는 자,夜叉と呼ばれし者
귀천살(鬼天殺),鬼天殺
연아 강화,連牙 強化
원귀 : 연참 강화,冤鬼：連斬 強化
원귀 : 일섬 강화,冤鬼：一閃 強化
귀신보 강화,鬼神步 強化
귀연참 강화,鬼連斬 強化
혼백참 강화,魂魄斬 強化
합격 : 이혼일섬 강화,合撃：二魂一閃 強化
합격 : 월령참 강화,合撃：月霊斬 強化
원귀 : 회천 강화,冤鬼：回天 強化
악귀참수 강화,悪鬼斬首 強化
원귀 : 격살,冤鬼：撃殺
원귀 : 격살 강화,冤鬼：撃殺 強化
합격 : 나락참,合撃：奈落斬
합격 : 나락참 강화,合撃：奈落斬 強化
악귀현신,悪鬼現身
원귀 : 신풍,冤鬼：神風
악귀연무,悪鬼連舞
참살(慘殺),惨殺
넨마스터의 천 갑옷 마스터리,ネンマスターのクロースマスタリー
무즈 어퍼,ミューズアッパー
해머 킥,ハンマーキック
넨으로 느낀다,念感知
로킥,ローキック
분신,分身
수플렉스,スープレックス
헬터 스켈터,サンドスロワー
호신연격,虎迅連撃
크라우치,クラウチング
공중 밟기,コンドルダイヴ
철금강,金剛
금강쇄,金剛砕
기옥탄,気玉弾
카이,カイ
수플렉스 썬더,スープレックスサンダー
넨탄,念弾
빛의 친화,光の親和
환영폭쇄,幻影爆砕
축염포,蓄念砲
호포,虎咆
태양의 숨결,太陽の息吹
넨 가드,念障壁
질풍각,疾風脚
나선의 넨,螺旋の念
사자후,獅子吼
기공장,練気
뇌명 : 사나운 빛의 넨수,雷鳴:猛々しい光の念獣
광충노도,光衝怒涛
흩날리는 천염화,散り乱れる千念花
기옥탄 강화,気玉弾強化
넨화,念花
질풍각 강화,疾風脚強化
공중 밟기 강화,コンドルダイヴ強化
해머 킥 강화,ハンマーキック強化
넨탄 강화,念弾強化
무즈 어퍼 강화,ミューズアッパー強化
로킥 강화,ローキック強化
수플렉스 강화,スープレックス 強化
크라우치 강화,クラウチング強化
수플렉스 썬더 강화,スープレックスサンダー強化
금강쇄 강화,金剛砕強化
철금강 강화,金剛強化
헬터 스켈터 강화,サンドスロワー強化
호신연격 강화,虎迅連撃強化
환영폭쇄 강화,幻影爆砕強化
뇌명 : 사나운 빛의 넨수 강화,雷鳴:猛々しい光の念獣強化
기공장 강화,練気強化
광충노도 강화,光衝怒涛強化
사자후 강화,獅子吼強化
나선의 넨 강화,螺旋の念強化
넨가드 강화,念障壁強化
궁극의 넨 가드,究極の念障壁
광룡십삼장,光竜十三掌
광룡십삼장 강화,光竜十三掌強化
태사자후,太獅子吼
태사자후 강화,太獅子吼強化
세인트 일루전,セイントイリュージョン
축기,蓄気
흡기공탄,吸気空弾
광휘의 넨,光輝のネン
스트라이커의 경갑 마스터리,ストライカーの軽甲マスタリー
강권,強拳
권투글러브 사용 가능,グローブ使用
붕권,崩拳
슈퍼아머,ハイパーアーマー
철산고,鉄山靠
본 크러셔,ボーンクラッシャー
급소 지정,急所狙い
머슬 시프트,マッスルシフト
라이징 너클,ライジングナックル
원인치 펀치,発剄
라이트닝 댄스,ライトニングダンス
비트 드라이브,ビートドライブ
스탬피드,スタンピード
사상최강의 로킥,史上最強のローキック
붕권 강화,崩拳強化
분신 강화,分身強化
라이트닝 댄스 강화,ライトニングダンス強化
철산고 강화,鉄山靠強化
라이징 너클 강화,ライジングナックル強化
원인치 펀치 강화,発剄強化
본 크러셔 강화,ボーンクラッシャー強化
비트 드라이브 강화,ビートドライブ強化
파쇄권,破砕拳
파쇄권 강화,破砕拳強化
일주연환격 강화,一周連環撃強化
일주연환격,一周連環撃
호격권,虎撃拳
리미트 브레이크,リミットブレイク
무영각,無影脚
극진 : 패황단공권,極尽 : 覇皇断空拳
독에 익숙함,毒抵抗
스트리트파이터의 중갑 마스터리,喧嘩屋の重甲マスタリー
독 바르기,毒塗り
일발화약성,ホールドボム
사공 수련,ベノム修練
이중 투척,二重投擲
히든 스팅,ヒデンスティング
블록 버스터,ブロックバスター
클로 마스터리,クローマスタリー
마운트,マウント
도발,挑発
천라지망,投網
그라운드 킥,グラウンドキック
베놈 마인,ベノムマイン
크레이지 발칸,クレージーバルカン
정크 스핀,ジャンクスピン
혈관을 흐르는 맹독,血管を流れる猛毒
일발화약성 강화,ホールドボム強化
독무,毒霧
히든 스팅 강화,ヒデンスティング強化
정크 스핀 강화,ジャンクスピン強化
블록 버스터 강화,ブロックバスター強化
그라운드 킥 강화,グラウンドキック強化
베놈 마인 강화,ベノムマイン強化
크레이지 발칸 강화,クレージーバルカン強化
맹독 일발화약성,ポイズンホールドボム
맹독 일발화약성 강화,ポイズンホールドボム強化
블록 봄,ブロックボム
블록 봄 강화,ブロックボム強化
용독술,用毒術
비기 : 폭독,秘技：暴毒
만병지왕 - 파진포,万兵之王－破陣砲
비전 : 진천뢰,秘伝：震天雷
독문무공,毒門武功
금기 : 독사굴,禁忌：毒蛇窟
그래플러의 경갑 마스터리,グラップラーの軽甲マスタリー
반드시 잡는다!,パワーホールド
로플링,ロープリング
그랩 캐넌,グラブキャノン
강렬한 테이크 다운,スープレックスクラッシュ
슬라이딩 그랩,スライディングホールド
체인 커넥션,チェーンコネクション
넥 스냅,ネックスナップ
파워 슬램,パワースラム
숄더 태클,ショルダータックル
에어슈타이너,スパイラルハンマー
브레이킹 엘보,ブレーキングエルボー
조인트 스매쉬,ジョイントスマッシュ
그래플링 테크닉,グラップリングテクニック
스파이어,スパイア
수플렉스 싸이클론,スープレックスサイクロン
와일드 캐넌 스파이크,ワイルドキャノンスパイク
옷깃 잡기,グラブマスタリー
로플링 강화,ロープリング強化
기간틱 타이푼,ギガンティックタイフーン
넥 스냅 강화,ネックスナップ強化
수플렉스 싸이클론 강화,スープレックスサイクロン強化
숄더 태클 강화,ショルダータックル強化
스파이어 강화,スパイア強化
에어슈타이너 강화,スパイラルハンマー強化
와일드 캐넌 스파이크 강화,ワイルドキャノンスパイク強化
조인트 스매쉬 강화,ジョイントスマッシュ強化
브레이킹 엘보 강화,ブレーキングエルボー強化
에어클러치,エアクラッチ
에어클러치 강화,エアクラッチ強化
싸이클론 어택,サイクロンアタック
싸이클론 어택 강화,サイクロンアタック強化
턴 힐,ターンヒール
체인 그랩,チェーングラップ
자이언트 스윙,ジャイアントスイング
토르베지노,トルベジーノ
허리케인 슈퍼 플렉스,ハリケーンスープレックス
잭스파이크,ジャックスパイク
레인저의 가죽 갑옷 마스터리,レンジャーのレザーマスタリー
라이징샷,ライジングショット
M-137 개틀링건,M-137ガトリングガン
은탄,銀弾
RX-78 랜드러너,ランドランナー
공중사격,空中射撃
윈드밀,ウィンドミル
퍼니셔,パニッシャー
바베~큐,バーベキュー
고각도 슬라이딩,高角度スライディング
리볼버 강화,リボルバー強化
헤드샷,ヘッドショット
G-14 파열류탄,G-14破裂グレネード弾
M-3 화염방사기,M-3火炎放射器
마하킥,マッハキック
스타일리쉬,スタイリッシュ
건가드,ガンガード
에어레이드,エアー・レード
패스티스트 건,ファステストガン
리벤저,リベンジャー
데스 바이 리볼버,デス･バイ･リボルバー
웨스턴 파이어,ウェスタンファイア
트리플 탭,トリプルタップ
난사,乱射
이동사격,移動射撃
멀티 헤드샷,マルチヘッドショット
더블 건호크,ダブルガンホーク
죽음의 표식,サドンデス
잭스파이크 강화,ジャックスパイク強化
라이징샷 강화,ライジングショット強化
윈드밀 강화,ウィンドミル強化
헤드샷 강화,ヘッドショット強化
바베~큐 강화,バーベキュー強化
RX-78 랜드러너 강화,ランドランナー強化
은탄 강화,銀の弾丸強化
퍼니셔 강화,パニッシャー強化
스커드 제노사이드,スカッドジェノサイド
M-137 개틀링건 강화,M-137ガトリングガン強化
류탄 강화,グレネード弾強化
마하킥 강화,マッハキック強化
난사 강화,乱射強化
리벤저 강화,リベンジャー強化
트리플 탭 강화,トリプルタップ強化
멀티 헤드샷 강화,マルチヘッドショット強化
건가드 강화,ガンガード強化
에어레이드 강화,エアー・レード強化
이동사격 강화,移動射撃強化
더블 건호크 강화,ダブルガンホーク強化
데들리 어프로치,デッドリーアプローチ
데들리 어프로치 강화,デッドリーアプローチ強化
제압 사격,制圧射撃
제압 사격 강화,制圧射撃強化
패스트 드로우,ファーストドロー
사격술,射撃術
와이프 아웃,ワイプアウト
세븐스 플로우,セブンスフロー
런처의 중갑 마스터리,ランチャーの重甲マスタリー
뽑아치기,抜き打ち
중화기 다루기,重火器取扱
중화기 마스터리,重火器マスタリー
슈타이어 대전차포,シュタイア対戦車砲
캐넌볼,キャノンボール
레이저 라이플,レーザーライフル
충전 레이저 라이플,レーザーライフル充填
화염 강타,強化火炎放射
미라클 비전,ミラクルビジョン
FM-92 스팅어,FM-92スティンガー
FM-31 그레네이드 런처,FM-31グレネードランチャー
듀얼 트리거,デュアルトリガー
양자 폭탄,陽子爆弾
X-1 익스트루더,X-1エキストルーダー
스펙트럴 서치 아이,スペクトラルサーチアイ
새틀라이트 빔,サテライトビーム
M-3 화염방사기 강화,M-3火炎放射器強化
화염 강타 강화,強化火炎放射強化
FM-92 스팅어 강화,FM-92スティンガー強化
FM-31 그레네이드 런처 강화,FM-31グレネードランチャー強化
양자 폭탄 강화,陽子爆弾強化
슈타이어 대전차포 강화,シュタイア対戦車砲強化
레이저 라이플 강화,レーザーライフル強化
X-1 익스트루더 강화,X-1エキストルーダー強化
캐넌볼 강화,キャノンボール強化
플라즈마 부스터 강화,プラズマブースター強化
플라즈마 부스터,プラズマブースター
FM-92 스팅어 SW,FM-92スティンガーSW
FM-92 스팅어 SW 강화,FM-92スティンガーSW強化
사이즈믹 웨이브,サイズミックウェーブ
중화기 개조,重火器改造
MSC-7,MSC-7
버스터 빔,バスタービーム
메카닉의 천 갑옷 마스터리,メカニックのクロースマスタリー
로보틱스,ロボティックス
Ez-8 카운트다운,Ez-8カウントダウン
로봇 전폭,一斉爆破
회심의 랜드러너,会心のランドランナー
G-1 코로나,G-1 コロナ
Ex-S 바이퍼,Ex-Sヴァイパー
아크리액터,アークリアクター
트랜스폼 : G-2 롤링썬더,トランスフォーム：G-2ローリングサンダー
카모플라쥬,カムフラージュ
파이어볼트,ファイアボルト
Hold & Go,Hold & Go
트랜스폼 : G-3 랩터,トランスフォーム：G-3 ラプター
RX-60 트랩러너,RX-60トラップランナー
공중 전투 메카 : 템페스터,空中戦闘メカ：テンペスター
메카 드롭,メカドロップ
솔라 모듈 시스템,ソーラーモジュールシステム
스패로우 팩토리,スパローファクトリー
최후의 투지,最後の闘志
게이볼그 펀치,ゲイボルグパンチ
Ez-8 카운트다운 강화,Ez-8カウントダウン強化
G-1 코로나 강화,G-1コロナ強化
스패로우 팩토리 강화,スパローファクトリー強化
트랜스폼 : G-3 랩터 강화,トランスフォーム：G-3 ラプター強化
공중 전투 메카 : 템페스터 강화,空中戦闘メカ：テンペスター強化
Ex-S 바이퍼 강화,Ex-Sヴァイパー強化
메카 드롭 강화,メカドロップ強化
RX-60 트랩러너 강화,RX-60トラップランナー強化
트랜스폼 : G-2 롤링썬더 강화,トランスフォーム：G-2ローリングサンダー強化
Ez-10 카운터어택,Ex-10 カウンターアタック
Ez-10 카운터어택 강화,Ex-10 カウンターアタック強化
Ex-S 바이퍼 Zero,Ex-S ヴァイパーZero
Ex-S 바이퍼 Zero 강화,Ex-SヴァイパーZero強化
TX-80 디멘션 러너,TX-80ディメンションランナー
HS-1 친구들,HS-1の仲間たち
TX-45 A-Team,TX-45 A-Team
헬 마치,ヘルマーチ
스핏파이어의 가죽 갑옷 마스터리,スピッドファイアのレザーマスタリー
특성탄,特性弾
오버 차지,オーバーチャージ
매거진 드럼,マガジンドラム
강화탄,強化弾
병기 숙련,武器熟練
유탄 마스터리,榴弾マスタリー
M18 클레이모어,M18クレイモア
G-35L 섬광류탄,G-35Lフラッシュグレネード弾
교차 사격,交差射撃
폭발탄,爆発弾
G-18C 빙결류탄,G-18C フリーズグレネード弾
관통탄,貫通弾
버스터 샷,バスターショット
C4,C4
네이팜 탄,ナパーム弾
록 온 서포트,ロックオン・サポート
듀얼 플리커,デュアルフリッカー
특수기동전대 '블랙 로즈',特殊機動戦隊「ブラックローズ」
버스터 샷 강화,バスターショット 強化
M18 클레이모어 강화,M18クレイモア 強化
C4 강화,C4 強化
록 온 서포트 강화,ロックオン・サポート 強化
교차 사격 강화,交差射撃 強化
네이팜 탄 강화,ナパーム弾 強化
G-61 중력류탄,G-61重力榴弾
G-61 중력류탄 강화,G-61重力榴弾 強化
피스톨 카빈 강화,ピストルカービン 強化
피스톨 카빈,ピストルカービン
전장의 영웅,戦場の英雄
데인저 클로즈,デンジャークローズ
G-38ARG 반응류탄,G-38ARG反応榴弾
슈퍼 노바,スーパーノヴァ
매직 미사일,マジックミサイル
천격,天撃
엘레멘탈마스터의 천 갑옷 마스터리,エレメンタルマスターのクロースマスタリ―
오라 실드,オーラシールド
랜턴 파이어,ランタンファイア
플로레 비비기,フローレスセント
용아,竜牙
계약소환 : 기갑 호도르,契約召喚:戦士ホドル
접근 금지!,接近禁止！
프로스트 헤드,フロストヘッド
채찍질,鞭打ち
플루토,プルート
위상변화,位相変化
디스인챈트,ディスエンチャント
메모라이즈,メモライズ
플레임 스트라이크,フレームストライク
공중 랜턴 파이어,空中ランタンファイア
낙화장,落花掌
이동 캐스팅,ムーブキャスト
쇼타임,ショータイム
보이드,ヴォイド
엘레멘탈 번,エレメンタルバーン
썬버스트,サンバースト
칠링 팬스,チーリングフェンス
속성 마스터리,属性マスタリー
썬더 스트라이크,サンダーストライク
썬더 콜링,サンダーコーリング
나이트 할로우,ナイトホロー
아크틱 피스트,アークティックフィスト
핼로윈 버스터,ハロウィンバスター
마력 증폭,魔力増幅
플로레 비비기 강화,フローレスセント強化
랜턴 파이어 강화,ランタンファイア強化
오라 실드 강화,オーラシールド強化
애스트럴 스톰,アストラルストーム
채찍질 강화,鞭打ち強化
프로스트 헤드 강화,フロストヘッド強化
낙화장 강화,落花掌強化
엘레멘탈 번 강화,エレメンタルバーン強化
접근 금지! 강화,接近禁止！強化
천격 강화,天撃強化
플루토 강화,プルート強化
용아 강화,竜牙強化
매직 미사일 강화,マジックミサイル強化
플레임 스트라이크 강화,フレームストライク強化
보이드 강화,ヴォイド強化
아크틱 피스트 강화,アークティックフィスト強化
핼로윈 버스터 강화,ハロウィンバスター強化
썬버스트 강화,サンバースト強化
칠링 팬스 강화,チリングフェンス強化
썬더 콜링 강화,サンダーコーリング強化
나이트 할로우 강화,ナイトホロー強化
엘레멘탈 커튼,エレメンタルカーテン
엘레멘탈 커튼 강화,エレメンタルカーテン強化
엘레멘탈 퀘이크,エレメンタルクエイク
엘레멘탈 퀘이크 강화,エレメンタルクエイク強化
초월의 크리스탈,超越のクリスタル
엘레멘탈 포텐셜,エレメンタルポテンシャル
초월의 룬,超越のルーン
더 게이트,ザ・ゲート
제6원소,第6元素
소환사의 천 갑옷 마스터리,サモナーのクロースマスタリ―
정령소환 : 나이아스,精霊召喚：ナイアド
나를 따라라,ついて来て！
정령소환 : 스토커,精霊召喚：ストーカー
하급 정령 소환,下級精霊召喚
교감,共鳴
기다려!!,待て！
환수 강화 오라,幻獣強化オーラ
정령소환 : 아도르,精霊召喚：アグニ
정령소환 : 위스프,精霊召喚：ウィスプ
정령 희생,精霊犠牲
계약소환 : 프리트,契約召喚：フリート
소환 해제,召喚解除
계약소환 : 검은기사 산도르,契約召喚：黒騎士サンドル
지배력 강화,支配力強化
저놈 잡아라!,あいつを狙え！
환수 폭주,幻獣暴走
계약소환 : 마계화 아우쿠소,契約召喚：魔界花アウクソー
정령소환 : 아퀘리스,精霊召喚：アクエリス
정령소환 : 플레임 헐크,精霊召喚：フレームハルク
정령소환 : 데드 멀커,精霊召喚：デッドマーカー
정령소환 : 글레어린,精霊召喚：グレアリン
계약소환 : 루이즈 언니!,契約召喚：ルイーズ姉ちゃん!
정령소환 : 정령왕 에체베리아,精霊召喚：精霊王エチェベリア
매스 텔레포트,マステレポート
끈끈이 투척,トラップガム
계약소환 : 타우킹 쿠루타,契約召喚：タウキング・クルタ
스피릿 본드,スピリッツボンド
하급정령 강화,下級精霊強化
계약소환 : 기갑 호도르 강화,契約召喚：戦士ホドル強化
계약소환 : 정복자 카시야스,契約召喚：征服者カシヤス
정령소환 : 글레어린 강화,精霊召喚：グレアリン強化
계약소환 : 프리트 강화,契約召喚：フリート強化
정령소환 : 플레임 헐크 강화,精霊召喚：フレームハルク強化
저놈 잡아라! 강화,あいつを狙え! 強化
계약소환 : 검은기사 산도르 강화,契約召喚：黒騎士サンドル強化
정령소환 : 데드 멀커 강화,精霊召喚：デッドマーカー強化
정령 희생 강화,精霊犠牲強化
계약소환 : 마계화 아우쿠소 강화,契約召喚：魔界花アウクソー強化
계약소환 : 루이즈 언니! 강화,契約召喚：ルイーズ姉ちゃん!強化
계약소환 : 타우킹 쿠루타 강화,契約召喚：タウキング・クルタ強化
정령소환 : 아퀘리스 강화,精霊召喚：アクエリス強化
정령소환 : 정령왕 에체베리아 강화,精霊召喚：精霊王エチェベリア強化
정령소환 : 융합정령 헤일롬,精霊召喚：融合精霊ヘイロム
지배의 고리,支配の輪
분노의 난타,怒りの乱打
분노의 난타 강화,怒りの乱打強化
이클립스 하이브,エクリプスハイブ
다크문,ダークムーン
전설소환 : 월영,伝説召喚：月影
식락,蝕落
전설소환 : 갈애의 라모스,伝説召喚：渇愛のラモス
배틀메이지의 가죽 갑옷 마스터리,バトルメイジのレザーマスタリー
니우의 전투술,ニウの戦闘術
원무곤,円舞棍
체이서,チェイサー
체이서 사출,チェイサー放出
집중의 오라 실드,集中のオーラシールド
콤보 본능,コンボ本能
전장의 여신,戦場の女神
창 마스터리,槍マスタリー
봉 마스터리,棒マスタリー
더블 스윙,ダブルスイング
타이머 밤,タイマーボム
오토 체이서,オートチェイサー
퓨전 체이서,フュージョンチェイサー
쇄패,碎覇
체이서 프레스,チェイサープレス
뇌연격,雷連撃
강습유성타,強襲流星打
황룡천공,黄竜天空
황룡난무,黄竜乱舞
배틀 그루브,バトルグルーブ
원무곤 강화,円舞棍 強化
위상변화 강화,位相変化 強化
테아나 변신~!!,テアナ変身!
체이서 강화,チェイサー 強化
변신 해제,変身解除
매지컬 체인지,マジカルチェンジ
퀘이사 익스플로젼,クエーサーエクスプロージョン
황룡천공 강화,黄竜天空 強化
타이머 밤 강화,タイマーボム 強化
체이서 프레스 강화,チェイサープレス 強化
강습유성타 강화,強襲流星打 強化
더블 스윙 강화,ダブルスイング 強化
퓨전 체이서 강화,フュージョンチェイサー 強化
뇌연격 강화,雷連撃 強化
쇄패 강화,碎覇 強化
트윙클 스매쉬,トゥインクルスマッシュ
트윙클 스매쉬 강화,トゥインクルスマッシュ 強化
진 뇌연격 강화,真・電連撃 強化
진 뇌연격,真・電連撃
체이서 클러스터,チェイサークラスター
체이서 에볼루션,チェイサーエボリューション
문무겸비,文武両道
사도의 춤,使徒の舞
봉인,封印
사도화,使徒化
마도학자의 가죽 갑옷 마스터리,魔道学者のレザーマスタリ―
도발 인형 : 슈르르,挑発人形：シュルル
퍼밀리어와 친하게 지내기,ファミリアとの友情
고출력 매직 미사일,高出力マジックミサイル
빗자루 다루기,ホウキコントロール
개조 슈르르,改造シュルル
고대의 도서관,古代の図書館
블룸 파우더,ブルームパウダー
블랙 망토,ブラックマント
변이 파리채,変異ハエ叩き
스위트 캔디바,スイートキャンディーバー
애시드 클라우드,アシッドクラウド
용암지대 생성물약,マグマポーション
저온살균,低温殺菌
비터스 캔디바,ビターキャンディーバー
빗자루 스핀,ホウキスピン
플로레 컬라이더,フローレカライダー
성난 불길 가열로,燃え盛る炎の加熱炉
자폭,自爆
반중력 기동장치,反重力マシーン
메가 드릴,メガドリル
성공 예감,成功の予感
고출력 매직 미사일 강화,高出力マジックミサイル強化
도발 인형 : 슈르르 강화,挑発人形：シュルル強化
퓨전 크래프트,フュージョンクラフト
메가 드릴 강화,メガドリル強化
성난 불길 가열로 강화,燃え盛る炎の加熱炉強化
빗자루 스핀 강화,ホウキスピン強化
애시드 클라우드 강화,アシッドクラウド強化
변이 파리채 강화,変異ハエ叩き強化
용암지대 생성물약 강화,マグマポーション強化
블랙 망토 강화,ブラックマント強化
플로레 컬라이더 강화,フローレカライダー強化
반중력 기동장치 강화,反重力マシーン強化
스위트 캔디바 강화,スイートキャンディーバー強化
대왕 파리채,特大ハエ叩き
대왕 파리채 강화,特大ハエ叩き強化
플로레 전기토끼 강화,フローレスセント電気うさぎ強化
플로레 전기토끼,フローレスセント電気うさぎ
잭프로스트 빙수,ジャックフロストかき氷
현자의 돌,賢者の石
롤리팝 크러쉬,ロリポップクラッシュ
우로보로스,ウロボロス
인챈트리스의 판금 마스터리,エンチャントレスの板金マスタリー
로즈 바인,ローズバイン
꼼꼼한 바느질,細かい針仕事
흑마법 빗자루,黒魔法ホウキ
퍼페티어,パペッティア
매드매드 슬래쉬,マッドマッドスラッシュ
사악한 호기심,邪悪な好奇心
편애,偏愛
매드 스트레이트,マッドストレート
인형 바구니,人形の籠
하베스팅,ハーベスティング
화끈한 애정,ホットな愛
금단의 저주,禁断の呪い
매디가드,マッドガード
점핑 베어 프레스,ジャンピングベアプレス
데스티니 퍼펫,デスティニーパペット
구속의 가시넝쿨,拘束の棘蔓
사랑의 응급조치,愛の応急処置
매드 더 빅,マッド・ザ・ビッグ
검은 숲의 가시나무,黒い森の茨
소악마,小悪魔
마리오네트,マリオネット
로즈 바인 강화,ローズバイン 強化
꼼꼼한 바느질 강화,細かい針仕事 強化
매드매드 슬래쉬 강화,マッドマッドスラッシュ 強化
매드 스트레이트 강화,マッドストレート 強化
점핑 베어 프레스 강화,ジャンピングベアプレス 強化
구속의 가시넝쿨 강화,拘束の棘蔓 強化
매드 더 빅 강화,マッド・ザ・ビッグ 強化
매디가드 강화,マッドガード 強化
데스티니 퍼펫 강화,デスティニーパペット 強化
하베스팅 강화,ハーベスティング 強化
화끈한 애정 강화,ホットな愛 強化
헥스,ヘックス
헥스 강화,ヘックス 強化
테러블 로어 강화,テリブルロアー 強化
테러블 로어,テリブルロアー
영원한 소유,永久なる所有
어둠에 피는 장미,闇に咲く薔薇
고통의 정원,苦痛の庭園
커스 오브 테러베어,カース・オブ・テロベアー
인형의 숲,人形の森
공참타,空斬打
스매셔,スマッシャー
신의 은총,神の恩寵
크루세이더의 판금 갑옷 마스터리,クルセイダーの板金マスタリー
슬로우 힐,スローヒール
럭키 스트레이트,ラッキーストレート
큐어,キュアー
분노의 움켜쥠,憤怒の鷲掴み
세컨드 어퍼,セカンドアッパー
순백의 칼날,純白の刃
용기의 은총,勇気の恩寵
수호의 은총,守護の恩寵
고통의 희열,苦痛の喜悦
낙봉추,落鳳錘
빛의 복수,光の復讐
천상의 멜로디,天国のメロディー
영혼의 희생,魂の犠牲
승리의 창,勝利の槍
성령의 메이스,聖霊のメイス
승천진,昇天陣
보호의 징표,保護の徴
크로스 크래쉬,クロスクラッシュ
신성한 빛,聖なる光
패스트 힐,ファストヒール
프레셔 월,プレッシャーウォール
영광의 축복,栄光の祝福
디플렉트 월,ディフレクトウォール
천상의 하모니,天国のハーモニー
플래시 글로브,フラッシュグローブ
플래시 스크랩,フラッシュスクラップ
합티즘,ハプティズム
생명의 원천,生命の源泉
참회의 망치,懺悔のハンマー
정의의 심판,正義の裁き
힐 윈드,ヒールウィンド
신념의 오라,信念のオーラ
럭키 스트레이트 강화,ラッキーストレート強化
낙봉추 강화,落鳳錘強化
분노의 움켜쥠 강화,憤怒の鷲掴み強化
묵상,黙想
슬로우 힐 강화,スローヒール強化
큐어 강화,キュアー強化
순백의 칼날 강화,純白の刃強化
세컨드 어퍼 강화,セカンドアッパー強化
아포칼립스,アポカリプス
공참타 강화,空斬打強化
스매셔 강화,スマッシャー強化
크로스 크래쉬 강화,クロスクラッシュ強化
승천진 강화,昇天陣強化
참회의 망치 강화,懺悔のハンマー強化
디플렉트 월 강화,ディフレクトウォール強化
정의의 심판 강화,正義の裁き強化
보호의 징표 강화,保護の徴強化
합티즘 강화,ハプティズム強化
승리의 창 강화,勝利の槍強化
플래시 글로브 강화,フラッシュグローブ強化
빛의 복수 강화,光の復讐強化
미러클 스플리터,ミラクルスプリッター
미러클 스플리터 강화,ミラクルスプリッター強化
운명의 창,運命の槍
운명의 창 강화,運命の槍強化
디바인 플래쉬,ディバインフラッシュ
홀리 생츄어리,ホーリーサクチュアリ
썬더 해머 : 유피테르,サンダーハンマー：ユピテル
디바인 퍼니쉬먼트,ディバインパニッシュメント
인파이터의 경갑 마스터리,インファイターの軽甲マスタリー
윌 드라이버,ウィルドライバー
스웨이,スウェー
신체강화,身体強化
더킹 스트레이트,ダッキングストレート
더킹 어퍼,ダッキングアッパー
더킹 대시,ダッキングダッシュ
디바인 크러시,ディバインクラッシュ
테크니컬 마스터리,テクニカルマスタリー
더킹 바디블로,ダッキングボディーブロー
퀵 패리,クイックパリー
사이드 와인드,サイドワインド
고저스 컴비네이션,ゴージャスコンビネーション
초핑 해머,チョッピングハンマー
홀리 카운터,ホーリーカウンター
섀도우 박서,シャドーボクサー
머신건 잽,マシンガンジャブ
코크 스크류 블로우,コークスクリューブロウ
헤븐리 컴비네이션,ヘブンリーコンビネーション
더블 섀도우,ダブルシャドー
허리케인 롤,ハリケーンロール
드라이아웃,ドライアウト
빅뱅 펀치,ビッグバンパンチ
고저스 컴비네이션 강화,ゴージャスコンビネーション強化
디바인 크러시 강화,ディバインクラッシュ強化
사이드 와인드 강화,サイドワインド強化
초핑 해머 강화,チョッピングハンマー強化
머신건 잽 강화,マシンガンジャブ強化
헤븐리 컴비네이션 강화,ヘブンリーコンビネーション強化
허리케인 롤 강화,ハリケーンロール強化
코크 스크류 블로우 강화,コークスクリューブロウ強化
홀리 카운터 강화,ホーリーカウンター強化
더킹 어택 강화,ダッキングアタック強化
개틀링 펀치 강화,ガトリングパンチ強化
개틀링 펀치,ガトリングパンチ
데몰리션 펀치 강화,デモリションパンチ強化
데몰리션 펀치,デモリションパンチ
데스블로우,デスブロー
핵 펀치,ニュークリアパンチ
아토믹 쵸퍼,アトミックチョッパー
신의 분노,神の憤怒
퇴마사의 중갑 마스터리,退魔師の重甲マスタリー
퇴마사의 판금 갑옷 마스터리,退魔師の板金マスタリー
퇴마사의 천 갑옷 마스터리,退魔師のクロースマスタリー
퇴마의 기운,退魔の気
성불,成仏
잠룡,潜竜
질풍타,疾風打
거병 마스터리,大型武器マスタリー
단층지격,段層地撃
열정의 챠크라,情熱のチャクラ
광명의 챠크라,光明のチャクラ
제압부,制圧札
저 하늘의 별,大空の遠い星
주작부,朱雀札
어둠 가르기,闇斬り
멸!,滅！
거선풍,巨旋風
공의 식신 - 백호,空の式神 - 白虎
갈!,ガル！
난격,乱撃
낙뢰부,落雷札
지의 식신 - 현무,地の式神-玄武
대회전격,大回転撃
식신의 군,式神の群れ
무쌍격,無双撃
투기 발산,闘気発散
창룡격,蒼竜撃
주작부 강화,朱雀札強化
질풍타 강화,疾風打強化
대회전격 강화,大回転撃強化
성불 강화,成仏強化
낙뢰부 강화,落雷札強化
거선풍 강화,巨旋風強化
제압부 강화,制圧札強化
단층지격 강화,段層地撃強化
어둠 가르기 강화,闇切り強化
식신의 군 강화,式神の群れ強化
저 하늘의 별 강화,大空の遠い星強化
공의 식신 - 백호 강화,空の式神 - 白虎強化
난격 강화,乱撃強化
지의 식신 - 현무 강화,地の式神-玄武強化
무쌍격 강화,無双撃強化
멸혼부 강화,滅魂札強化
멸혼부,滅魂札
참격,惨撃
참격 강화,惨撃強化
신의 챠크라,神のチャクラ
신선의 경지,仙人の境地
오망성진,五芒星陣
역전의 칠조격,逆転の七肇撃
진격(陣擊)의 황룡,陣撃の黄竜
어벤저의 중갑 마스터리,アベンジャーの重甲マスタリー
데빌 스트라이커,デビルストライカー
메타몰포시스,メタモルフォシス
데스 사이드,デスサイズ
지뢰진,地雷震
낫 마스터리,鎌マスタリー
추락하는 영혼,堕ちる魂
스핀커터,スピンカッター
복수의 가시,復讐の棘
환청,幻聴
스피닝 디포메이션,スピニングディフォーメーション
데빌 클러치,デビルクラッチ
데빌 피스트,デビルフィスト
어둠의 권능,闇の権能
악몽,悪夢
처형,処刑
데몬 배리어,デーモンバリア
악마화,悪魔化
데스 사이드 강화,デスサイズ強化
데빌 스트라이커 강화,デビルストライカー強化
스피닝 디포메이션 강화,スピニングディフォーメーション強化
지뢰진 강화,地雷震強化
데빌 피스트 강화,デビルフィスト強化
스핀커터 강화,スピンカッター強化
복수의 가시 강화,復讐の棘強化
어둠의 권능 강화,闇の権能強化
데빌 클러치 강화,デビルクラッチ強化
복마전,伏魔殿
복마전 강화,伏魔殿強化
재앙,災禍
재앙 강화,災禍強化
다크 하울링,ダークハウリング
이블 스트라이커,イーブルストライカー
파멸의 강타,破滅の強打
언홀리 퓨리,アンホーリーフューリー
마릴린 로즈,マリリンローズ
탑스핀,トップスピン
스프리건,スプリガン
건블레이드,ガンブレード
니들 소배트,ニードルソバット
체인 스내치,チェーンスナッチ
소닉 스파이크,ソニックスパイク
권총의 춤,銃士の舞
베일드 컷,ベールドカット
블러디 카니발,ブラッディカーニバル
스프리건 강화,スプリガン強化
니들 소배트 강화,ニードルソバット強化
탑스핀 강화,トップスピン強化
마릴린 로즈 강화,マリリンローズ強化
소닉 스파이크 강화,ソニックスパイク強化
권총의 춤 강화,銃士の舞強化
블러디 스파이크,ブラッディスパイク
블러디 스파이크 강화,ブラッディスパイク強化
쏘우 블레이드,ソウブレード
킬 포인트,キルポイント
체인 디바이더,チェーンディバイダー
블러드 앤 체인,ブラッドアンドチェーン
APG-63,APG-63
FM-92 mk2 랜서,FM-92 mk2 ランサー
오버 히트,オーバーヒート
에인션트 트리거,エンシェントトリガー
FM-92 mk2 랜서 강화,FM-92 mk2 ランサー強化
FM-92 mk2 랜서 SW 강화,FM-92 mk2 ランサーSW強化
FM-92 mk2 랜서 SW,FM-92 mk2 ランサーSW
알파 서포트,アルファサポート
FSC-7,FSC-7
PT-15 프로토타입,PT-15プロトタイプ
오퍼레이션 레이즈,オペレーションレイズ
위기의 랜드러너,危機のランドランナー
트랜스포메이션,トランスフォーメーション
G 마그네틱,Gマグネティック
공중 전폭 메카 : 게일 포스,空中戦闘メカ：ゲイルフォース
G 익스텐션,G エクステンション
트랜스 폼 : G-0 배틀로이드,トランスフォーム：G-0 バトルロイド
바이퍼 강화,ヴァイパー強化
G 로봇 강화,Ｇロボット強化
공중 전폭 메카 : 게일 포스 강화,空中戦闘メカ：ゲイルフォース強化
HS-12 플라즈마,HS-12プラズマ
HS-12 플라즈마 강화,HS-12プラズマ強化
프리스비,フリスビー
프리스비 강화,フリスビー強化
G-오퍼레이터,G-オペレーター
G-S.P. 팔콘,G-S.P.ファルコン
마그네틱 필드,マグネティックフィールド
고기동 메카 : 볼트 MX,高機動メカ：ボルトMX
니트로 모터,ニトロモーター
병기강화,兵器強化
EMP 스톰,EMPストーム
증명의 열쇠,証明の鍵
오픈 파이어,オープンファイア
G-96 열압력유탄,G-96熱圧力榴弾
디-데이,D-DAY
라이징 컷,ライジングカット
로그의 가죽 마스터리,ローグのレザーマスタリー
쿠나이 던지기,クナイ投擲
염화참,炎火斬
다크 소울,ダークソウル
섀도우컷,シャドーカット
슬라이서,スライサー
본 실드,ボーンシールド
인법 : 허물 벗기,忍法：抜け殻の術
발목 타격,足首切断
샤이닝컷,シャイニングカット
다이빙 애로우,ダイビングアロー
날다람쥐,むささび
샤인 스파크,シャインスパーク
스위프트,スイフト
이레이저,イレイザー
히트엔드,ヒットエンド
커스 스피어,カーススピア
단검 마스터리,短剣マスタリー
쌍검 마스터리,双剣マスタリ―
밴디트컷,バンディットカット
에어리얼 점프,エアリアルジャンプ
소드 댄스,ソードダンス
더블 피어스,ダブルピアス
체인소,チェーンソー
셰이크 다운,シェイクダウン
사이드 스텝,サイドステップ
브레이킹 러시,ブレーキングラッシュ
허리케인,ハリケーン
라이트닝 애로우,ライトニングアロー
버티컬 스파이럴,バーティカルスパイラル
데스 허리케인,デスハリケーン
소닉 어설트,ソニックアサルト
엑셀 스트라이크,アクセルストライク
문아크,ムーンアーク
염화참 강화,炎火斬強化
다크 소울 강화,ダークソウル強化
인법 : 허물 벗기 강화,忍法：抜け殻の術強化
날다람쥐 강화,むささび強化
쿠나이 던지기 강화,クナイ投擲強化
커스 스피어 강화,カーススピア強化
이레이저 강화,イレイザー強化
다이빙 애로우 강화,ダイビングアロー強化
발목 타격 강화,足首切断強化
샤이닝컷 강화,シャイニングカット強化
본 실드 강화,ボーンシールド強化
실버스트림,シルバーストリーム
라이징 컷 강화,ライジングカット強化
슬라이서 강화,スライサー強化
섀도우컷 강화,シャドーカット強化
더블 피어스 강화,ダブルピアス強化
허리케인 강화,ハリケーン強化
엑셀 스트라이크 강화,アクセルストライク強化
버티컬 스파이럴 강화,バーティカルスパイラル強化
라이트닝 애로우 강화,ライトニングアロー強化
체인소 강화,チェーンソー強化
소닉 어설트 강화,ソニックアサルト強化
밴디트컷 강화,バンディットカット強化
소드 댄스 강화,ソードダンス強化
체인소 러시 강화,チェーンソーラッシュ強化
체인소 러시,チェーンソーラッシュ
어슬랜트 스파이럴 강화,アスラントスパイラル強化
어슬랜트 스파이럴,アスラントスパイラル
엑조틱 램펀트,エキゾチックランパント
히트 블리드,ヒットブリード
디스트리뷰션,ディストリビューション
노바 램넌트,ノヴァレムナント
사령술사의 경갑 마스터리,死霊術士の軽甲マスタリー
니콜라스 강령,ニコラス降臨
좀비 강령,ゾンビ降臨
복종하는 사령,服従する死霊
어둠의 손톱,暗黒の爪
흑사진,黒糸の陣
어둠의 고리,闇の輪
암흑의 의식,暗黒の儀式
야행혼,夜行魂
흑마법서 : 망자의 혼,黒魔法書：亡者の魂
망자의 원한,亡者の恨み
학살의 발라크르 강령,虐殺のバラクル降臨
발라크르의 맹약,バラクルの盟約
발라크르의 야망,バラクルの野望
흡기암경파,吸氣暗勁波
기요틴,ギロチン
리빙데드,リビングデッド
학살자의 공포,虐殺者の恐怖
니콜라스 강령 강화,ニコラス降臨強化
팬텀스트롬,ファントムシュトローム
야행혼 강화,夜行魂強化
흑사진 강화,黒糸の陣強化
리빙데드 강화,リビングデッド強化
학살의 발라크르 강령 강화,虐殺のバラクル降臨強化
좀비 강령 강화,ゾンビ降臨強化
기요틴 강화,ギロチン強化
흡기암경파 강화,吸氣暗勁波強化
어둠의 손톱 강화,暗黒の爪強化
망자의 원한 강화,亡者の恨み強化
발라크르의 야망 강화,バラクルの野望強化
망자의 집념,亡者の執念
망자의 집념 강화,亡者の執念強化
분기암경파,噴氣暗勁波
분기암경파 강화,噴氣暗勁波強化
블랙 아라크니아,ブラックアラクニア
언홀리 마스터리,アンホーリーマスタリー
익스큐서너 슬래쉬,エクスキューショナースラッシュ
발라크르 현신,バラクル現身
쿠노이치의 천 마스터리,くの一のクロースマスタリー
인술,忍術
차크라 웨펀 착용 가능,チャクラウエポン着用
화염구,火炎の息吹
환영 다중 수리검,幻影重ね手裏剣
인법 : 통나무분신술,忍法：丸太分身術
화둔 : 홍염,火遁：紅炎
화염의 인,火炎の印
화염선풍,火炎旋風
차크라 웨펀 숙련,チャクラウェポン熟練
나선 대차륜 쿠나이,螺旋大車輪クナイ
인법 : 잔영 남기기,忍法：影残し
열화천도,烈火天道
인법 : 바꿔치기,忍法：変わり身の術
인법 : 육도윤회,忍法：六道輪廻
두꺼비유염탄,大蝦蟇油炎弾
비기 : 염무개화,秘技：炎武開花
암영술,暗影術
초열혼폭술,焦熱魂爆術
화염구 강화,火炎の息吹強化
흉멸인법진,凶滅忍法陣
열화천도 강화,烈火天道強化
인법 : 바꿔치기 강화,忍法：変わり身の術強化
차크라 웨펀 숙련 강화,チャクラウェポン熟練強化
환영 다중 수리검 강화,幻影重ね手裏剣強化
화염선풍 강화,火炎旋風強化
나선 대차륜 쿠나이 강화,螺旋大車輪クナイ強化
비기 : 염무개화 강화,秘技：炎武開花強化
두꺼비유염탄 강화,大蝦蟇油炎弾強化
암기 : 비연수리검,暗技：飛燕手裏剣
암기 : 비연수리검 강화,暗技：飛燕手裏剣強化
마환 풍마수리검,魔幻風魔手裏剣
마환 풍마수리검 강화,魔幻風魔手裏剣強化
야마타오로치,オロチ召喚
야타의 거울,ヤタの鏡
광휘의 팔척곡옥,光輝の八尺勾玉
아마테라스,アマテラス
쿠사나기의 검,クサナギの剣
섀도우댄서의 가죽 마스터리,シャドウダンサーのレザーマスタリ―
넥 디바이더,ネックディバイダー
암살기술,暗殺の技
그림자 이동,シャドウムーブ
날카로운 단검,鋭い短剣
홀드업!,ホールドアップ！
섀도우 댄싱,シャドウダンシング
심장 찌르기,心臓突き
그림자 유도분신,偽装影分身
나락 떨구기,奈落落とし
암살자의 마음가짐,アサシンの心得
칼날돌풍,ブレードガスト
코버트 액션,コバートアクション
파이널 디스트럭션,ファイナルディストラクション
암살,アサシネーション
배후습격,ビハインドアタック
절명의 그림자,絶影
넥 디바이더 강화,ネックディバイダー強化
암살 강화,アサシネーション強化
칼날돌풍 강화,ブレードガスト強化
나락 떨구기 강화,奈落落とし強化
심장 찌르기 강화,心臓突き強化
홀드업! 강화,ホールドアップ！強化
파이널 디스트럭션 강화,ファイナルディストラクション強化
섀도우 댄싱 강화,シャドウダンシング強化
코버트 액션 강화,コバートアクション強化
단검투척,短剣投擲
단검투척 강화,短剣投擲強化
섀도우 스팅,シャドウスティング
섀도우 스팅 강화,シャドウスティング強化
죽음의 연무,死神の舞
베일드 어택,ベールドアタック
페이탈 블리츠,フェイタルブリッツ
체인 리액션,チェーンリアクション
올려차기,蹴り上げ
무릎 찍기,膝蹴り
순보,徇歩
뇌전각,雷電脚
역혈기공,逆血気功
넨가드,念障壁
나선의 넨 : 출,螺旋の念：出
나선의 넨 : 주,螺旋の念：週
기호지세,騎虎之勢
넨의 극의,念の極意
무릎 찍기 강화,膝蹴り強化
금뇌호 : 심판의 넨수,金雷虎：裁きの念獣
뇌전각 강화,雷電脚強化
올려차기 강화,蹴り上げ強化
축염포 강화,蓄念砲強化
기호지세 강화,騎虎之勢強化
나선의 넨 : 주 강화,螺旋の念：週強化
넨 스피어 강화,念スピア強化
넨 스피어,念スピア
기공환,氣功煥
기공환 강화,氣功煥強化
제황나선격,帝皇螺旋撃
광풍나선력,光風螺旋力
나선흡기,螺旋吸気
월광대지,月光大地
휘광의 성체,輝煌の聖体
뇌격,雷撃
강습펀치,強襲パンチ
섬보,徇歩
홍염 질풍각,紅焔疾風脚
클로즈 킥,クローズキック
헥토파스칼 킥,ヘクトパスカルキック
효율적인 연소,効率的な燃焼
화염의 각,炎の脚
뇌격 강화,雷撃強化
홍염 질풍각 강화,紅焔疾風脚強化
클로즈 킥 강화,クローズキック強化
헥토파스칼 킥 강화,ヘクトパスカルキック強化
비연선풍,飛燕旋風
비연선풍 강화,飛燕旋風強化
스핀 킥 강화,スピンキック強化
스핀 킥,スピンキック
화력개방,火力開放
낙화,落火
아토믹 캐넌,アトミックキャノン
패황연격,覇皇連撃
자동 장전,自動装填
독병 투척,毒瓶投擲
강화 투척,強化投擲
뒷골목 싸움법,裏通りの戦い方
뒷주머니,バックポケット
바늘 투척,針投擲
블럭 투척,ブロック投擲
그라운드 태클,グラウンドタックル
그물 투척,網投擲
니들 스핀,ニードルスピン
천수천안,千手千眼
독병 투척 강화,毒瓶投擲強化
천붕지괴,天崩地壊
니들 스핀 강화,ニードルスピン強化
그라운드 태클 강화,グラウンドタックル強化
바늘 투척 강화,針投擲強化
블럭 투척 강화,ブロック投擲強化
더티 배럴,ダーティバレル
더티 배럴 강화,ダーティバレル強化
광폭혈쇄,狂爆血鎖
광폭혈쇄 강화,狂爆血鎖強化
룰 브레이크,ルールブレイク
체인 드라이브,チェーンドライブ
만천화우,裂空火雨
개조형 파진포 : 연화,改造型破陣砲：蓮花
그랩캐넌,グラブキャノン
건틀릿 마스터리,ガントレットマスタリ―
임팩트 콤비네이션,インパクトコンビネーション
브레이크 다운,ブレークダウン
스냅 샷,スナップショット
블로우 스트라이크,ブローストライク
매그넘설트,マグナムサルト
롤링 스파이크,ローリングスパイク
반격,反撃
나의 공격리듬은!!,我が攻撃のリズム!!
매그넘설트 강화,マグナムサルト強化
롤링 스파이크 강화,ローリングスパイク強化
블로우 스트라이크 강화,ブローストライク強化
스냅 샷 강화,スナップショット強化
브레이크 다운 강화,ブレークダウン強化
피어스 강화,ピアス強化
피어스,ピアス
한놈만 팬다!!,攻撃集中!!
한놈만 팬다!! 강화,攻撃集中!!強化
흑진광풍,黒震狂風
가장 강한 녀석은 누구냐?,最も強い奴は誰だ？
오의 : 질풍노도,奥義：疾風怒濤
일자전승 : 극의 진천노호,一者伝承：極意震天怒号
윈드 스트라이크,ウィンドストライク
어비스,アビス
엘레멘탈 바머의 천 갑옷 마스터리,エレメンタルボマーのクロースマスタリ―
불사,不死
물대포,ウォーターキャノン
금나장,金裸掌
연속발사,連続発射
귀설화,鬼雪火
텔레포트,テレポート
화염 방패,炎の盾
빙백검,氷白剣
엘레멘탈 캐넌,エレメンタルキャノン
속성 보호,属性保護
속성 발동,属性発動
크리스탈 어택,クリスタルアタック
엘레멘탈 포스,エレメンタルフォース
파이어로드,ファイアロード
마나 폭주,マナバースト
원소 폭격,元素爆撃
엘레멘탈 실드,エレメンタルシールド
암전,ダークチェンジ
체인라이트닝,チェーンライトニング
아이스 크리스탈 샤워,アイスクリスタルシャワー
플레임 서클,フレームサークル
다크니스 멘틀,ダークネスマントル
라이트닝 월,ライトニングウォール
엘레멘탈 레인,エレメンタルレイン
페이탈 엘레멘트,フェイタルエレメント
화염 방패 강화,炎の盾強化
엘레멘탈 버스터,エレメンタルバスター
물대포 강화,ウォーターキャノン強化
속성 발동 강화,属性発動強化
금나장 강화,金裸掌強化
귀설화 강화,鬼雪火強化
윈드 스트라이크 강화,ウィンドストライク強化
빙백검 강화,氷白剣強化
크리스탈 어택 강화,クリスタルアタック強化
라이트닝 월 강화,ライトニングウォール強化
체인라이트닝 강화,チェーンライトニング強化
플레임 서클 강화,フレームサークル強化
아이스 크리스탈 샤워 강화,アイスクリスタルシャワー強化
파이어로드 강화,ファイアロード強化
암전 강화,ダークチェンジ強化
다크니스 멘틀 강화,ダークネスマントル強化
엘레멘탈 레인 강화,エレメンタルレイン強化
컨센트레이트,コンセントレート
컨센트레이트 강화,コンセントレート強化
엘레멘탈 스트라이크,エレメンタルストライク
엘레멘탈 스트라이크 강화,エレメンタルストライク強化
검은 눈,黒き目
엘레멘탈 필드,エレメンタルフィールド
컨버전스 캐넌,コンバージェンスキャノン
아마겟돈 스트라이크,アルマゲドンストライク
빙결사의 가죽 갑옷 마스터리,氷結師のレザーマスタリ―
프로즌웨폰 마스터리,フローズンウェポンマスタリー
수인체,アイスエレメンタルアタック
설화연창,雪花連槍
회전투창,回転投槍
아이스 로드,アイスロード
발현,発現
피어스 오브 아이스,ピースオブアイス
공명,共鳴
브로큰 애로우,ブロークンアロー
크리스탈 블레이드,クリスタルブレード
아이스 크래쉬,アイスクラッシュ
아이스 빅 해머,アイスビッグハンマー
아이스맨,アイスマン
핀포인트 러쉬,ピンポイントラッシュ
블리자드 스톰,ブリザードストーム
툰드라의 가호,ツンドラの加護
빙류환,氷流環
피어스 오브 아이스 강화,ピースオブアイス強化
아이스 빅 해머 강화,アイスビッグハンマー強化
회전투창 강화,回転投槍強化
아이스 크래쉬 강화,アイスクラッシュ強化
브로큰 애로우 강화,ブロークンアロー強化
아이스맨 강화,アイスマン強化
설화연창 강화,雪花連槍強化
아이스 오브,アイスオーブ
아이스 오브 강화,アイスオーブ強化
블리자드 스톰 강화,ブリザードストーム強化
아이스 필드 강화,アイスフィールド強化
아이스 필드,アイスフィールド
아이스크래프트,アイスクラフト
샤드 매그넘,シャードマグナム
오버프리즈 익스텐션,オーバーフリーズエクステンション
쥬데카 디 이터널,ジュデッカ・ジ・エターナル
피로 적신 가죽 마스터리,血に染まったレザーマスタリー
크리핑,クリーピング
데드 핸즈,デッドハンズ
블러드 윙,ブラッドウイング
블러드,ブラッド
릴리악,リリアック
오퍼링,オファリング
쉬카리,シカリ
릴로이,リルロイ
블러드 번,ブラッドバーン
헬베루즈,ヘルベルージュ
팽,ファング
토먼트,トーメント
소울 스틸,ソウルスティール
커럽션,コラプション
어밴던,アバンダン
체페슈,ツェペシュ
릴리악 강화,リリアック強化
블러드 윙 강화,ブラッドウイング強化
팽 강화,ファング強化
릴로이 강화,リルロイ強化
쉬카리 강화,シカリ強化
헬베루즈 강화,ヘルベルージュ強化
오퍼링 강화,オファリング強化
토먼트 강화,トーメント強化
소울 스틸 강화,ソウルスティール強化
커럽션 강화,コラプション強化
럼블독,ラムブルドック
럼블독 강화,ラムブルドック強化
머로더 강화,マローダー
머로더,マローダー強化
팬텀 베일,ファントムベール
트루 블러드,トゥルーブラッド
페이탈리티,フェイタリティ
블러드 스트림,ブラッドストリーム
격렬한 폭풍의 가죽 갑옷 마스터리,激しい嵐のレザーマスタリー
소닉 무브,ソニックムーブ
휘몰아치는 질풍의 봉 마스터리,吹き荒れる疾風の棒マスタリー
바람의 주인,風の主
삭풍,北風
윈드니스,ウィンドネス
대진공,大真空
윈드 블래스터,ウィンドブラスター
회오리 바람,つむじ風
싹쓸바람,スイフトストーム
폭풍의 눈,嵐の目
칼날 바람,刃風
휘몰아치는 바람,吹き荒れる風
스톰 스트라이크,ストームストライク
풍신의 힘,風神の力
볼텍스 허리케인,ボルテックスハリケーン
삭풍 강화,北風 強化
소닉 무브 강화,ソニックムーブ 強化
싹쓸바람 강화,スイフトストーム 強化
회오리 바람 강화,つむじ風 強化
윈드 블래스터 강화,ウィンドブラスター 強化
대진공 강화,大真空 強化
칼날 바람 강화,刃風 強化
폭풍의 눈 강화,嵐の目 強化
휘몰아치는 바람 강화,吹き荒れる風 強化
스톰 스트라이크 강화,ストームストライク 強化
질풍가도,疾風街道
질풍가도 강화,疾風街道 強化
스톰 퀘이커,ストームクエーカー
스톰 퀘이커 강화,ストームクエーカー 強化
세컨드 윈드,セカンドウィンド
스파이럴 프레스,スパイラルプレス
바이올런트 스톰,バイオレンスストーム
스톰 엘리미네이트,ストームエリミネート
디멘션워커의 천 갑옷 마스터리,ディメンションウォーカーのクロースマスタリー
사상경계의 저편,思想境界の向こう
결벽증,潔癖症
오버센스,オーバーセンス
차원 : 액시던트,次元：アクシデント
괴리 : 디멘션 할로우,乖離 : ディメンションホロー
차원 : 실루엣,次元 : シルエット
차원 : 디멘션 리프,次元 : ディメンションリープ
도그마 디바이스,ドグマディバイス
티 타임,ティータイム
괴리 : 금단의 니알리,乖離 : 禁断のニアリ
경계망상,境界妄想
망상의 불꽃,妄想の炎
차원 : 차원광,次元 : 次元光
차원 : 칼레이도스코프,次元 : カレイドスコープ
괴리 : 할리퀸,乖離 : ハーレクイーン
괴리 : 크로울링 미스트,乖離 : クロウリングミスト
차원 : 시공폭뢰,次元 : 時空爆雷
차원 : 차원회랑,次元 : 次元回廊
괴리 : 패러사이트 스웜,乖離 : パラサイトスワーム
차원 : 포지트론 블래스트,次元 : ポジトロンブラスト
운명왜곡,運命歪曲
차원 : 액시던트 강화,次元 : アクシデント強化
괴리 : 형용할 수 없는 공포,乖離 : 言い表せない恐怖
차원 : 칼레이도스코프 강화,次元 : カレイドスコープ強化
차원 : 시공폭뢰 강화,次元 : 時空爆雷強化
괴리 : 패러사이트 스웜 강화,乖離 : パラサイトスワーム強化
괴리 : 금단의 니알리 강화,乖離 : 禁断のニアリ強化
차원 : 차원광 강화,次元 : 次元光強化
차원 : 디멘션 리프 강화,次元 : ディメンションリープ強化
차원 : 차원회랑 강화,次元 : 次元回廊強化
차원 : 실루엣 강화,次元 : シルエット強化
괴리 : 할리퀸 강화,乖離 : ハーレクイーン強化
차원 : 포지트론 블래스트 강화,次元 : ポジトロンブラスト強化
차원 : 패러다임 디토네이션 강화,次元 : パラダイムデトネーション
차원 : 패러다임 디토네이션,次元 : パラダイムデトネーション強化
괴리 : 칙 잇 강화,乖離 : ちーっいっ強化
괴리 : 칙 잇,乖離 : ちーっいっ
SSTH,SSTH
차원 : 싱귤래리티 매니플레이션,次元 : シンギュラリティマニピュレーション
괴리 : 저편의 자장가,乖離 : 向こうの子守唄
차원괴리 : 금단의 연회,次元乖離 : 禁断の宴会
바운스 블로우,バウンスブロー
브리프 컷,ブリーフカット
경갑 마스터리,軽甲マスタリ―
중갑 마스터리,重甲マスタリ―
다크 슬래쉬,ダークスラッシュ
천 갑옷마스터리,クロースマスタリ―
어퍼,アッパー
판금 갑옷 마스터리,板金マスタリ―
다크 크로스,ダーククロス
웨이브,ウェーブ
스핀 어택,スピンアタック
베인 슬래쉬,ベインスラッシュ
그랜드 웨이브,グランドウェーブ
홉 스매쉬,ホップスマッシュ
피어스 스트라이크,ピアスストライク
트리플 스탭,トリプルステップ
어둠의 대검 마스터리,闇の大剣マスタリ―
어둠의 도 마스터리,闇の刀マスタリ―
다크 익스플로젼,ダークエクスプロージョン
어둠의 둔기 마스터리,闇の鈍器マスタリ―
어둠의 소검 마스터리,闇の小剣マスタリ―
다크 웨이브,ダークウェーブ
어둠의 광검 마스터리,闇の光剣マスリー
윕 어택,ウィップアタック
다크 레이브,ダークレイヴ
래피드 무브,ラピッドムーブ
오버플로우,オーバーフロー
다크 크래셔,ダーククラッシャー
다크 러스트,ダークラスト
다크 볼,ダークボール
다크 소드,ダークソード
쇼크 웨이브,ショックウェーブ
다크 폴,ダークフォール
드로우 소드,ドローソード
다크 플레임 소드,ダークフレームソード
모멘터리 슬래쉬,モメンタリースラッシュ
다크 브레이크,ダークブレイク
웨이브 스핀,ウェーブスピン
일루젼 슬래쉬,イリュージョンスラッシュ
타임 스톱,タイムストップ
홉 스매쉬 강화,ホップスマッシュ強化
팬텀 소드,ファントムソード
베인 슬래쉬 강화,ベインスラッシュ強化
피어스 스트라이크 강화,ピアスストライク強化
다크 익스플로젼 강화,ダークエクスプロージョン強化
어퍼 강화,アッパー強化
다크 크로스 강화,ダーククロス強化
자각,自覚
다크 슬래쉬 강화,ダークスラッシュ強化
웨이브 강화,ウェーブ強化
스핀 어택 강화,スピンアタック強化
그랜드 웨이브 강화,グランドウェーブ強化
다크 소드 강화,ダークソード強化
다크 브레이크 강화,ダークブレイク強化
일루젼 슬래쉬 강화,イリュージョンスラッシュ強化
다크 러스트 강화,ダークラスト強化
다크 폴 강화,ダークフォール強化
모멘터리 슬래쉬 강화,モメンタリースラッシュ強化
다크 볼 강화,ダークボール強化
다크 플레임 소드 강화,ダークフレームソード強化
다크 레이브 강화,ダークレイヴ強化
윕 어택 강화,ウィップアタック強化
웨이브 스핀 강화,ウェーブスピン強化
래피드 무브 강화,ラピッドムーブ強化
쇼크 웨이브 강화,ショックウェーブ強化
드로우 소드 강화,ドローソード強化
다크 웨이브 폴 강화,ダークウェーブフォール強化
다크 웨이브 폴,ダークウェーブフォール
차지 익스플로전,チャージエクスプロージョン
차지 익스플로전 강화,チャージエクスプロージョン強化
차원일치,次元一致
다크 버스트,ダークバースト
타임 브레이크,タイムブレーク
화염,火炎
파이어월,ファイアウォール
운석 낙하,メテオ
아이스 플레이트,アイスプレート
아이스 스톤,アイスストーン
냉기,冷気
우드 트랩,ウッドトラップ
드로우,ドロー
상상력,想像力
방해,妨害
계열 강화,系列強化
플레임 허리케인,フレームハリケーン
아이스 실드,アイスシールド
수호,守護
증폭,増幅
바람,風
윈드 스톰,ウィンドストーム
윈드 프레스,ウィンドプレス
이해,理解
아이스 플레이트 강화,アイスプレート強化
운석 낙하 강화,メテオ強化
웜홀,ワームホール
소멸,消滅
파이어월 강화,ファイアウォール強化
아이스 스톤 강화,アイスストーン強化
웜홀 강화,ワームホール強化
윈드 스톰 강화,ウィンドストーム強化
플레임 허리케인 강화,フレームハリケーン強化
아이스 실드 강화,アイスシールド強化
윈드 프레스 강화,ウィンドプレス強化
빙하시대 강화,氷河期強化
빙하시대,氷河期
재현,再現
링크,リンク
조율,調律
링크 강화,リンク強化
천지창조,天地創造
왜곡,歪曲
타임 포워드,タイムフォワード
창조,創造
창조의 공간,創造の空間
암흑참,暗黒斬
냉정함,冷徹
소드 마스터의 경갑 마스터리,ソードマスターの軽甲マスタリー
승천검,昇天剣
태산압정,泰山圧制
시륜검,矢輪剣
혈십자검,血十字剣
검막,剣膜
회전격,回転撃
처단,処刑
사영검,蛇影剣
파쇄의 둔기 마스터리,破砕の鈍器マスタリー
견고의 대검 마스터리,堅固の大剣マスタリー
쾌속의 도 마스터리,快速のブレードマスタリー
납도,納刀
발검술,抜剣術
속성의 소검 마스터리,属性の小剣マスタリー
속성변환,属性変換
제국검술,帝国剣術
연환격,連環撃
쾌속검,快速剣
방검술,防剣術
승천,昇天
환검,幻剣
신검합일,身剣合一
마검발현,魔剣発現
비연참,飛燕斬
반월,半月
섬광,閃光
폭명기검,爆鳴気剣
악즉참,悪即斬
참격혼,斬撃魂
반격 강화,反撃強化
극 귀검술 : 시공섬,極鬼剣術:時空閃
속성변환 강화,属性変換強化
회전격 강화,回転撃強化
혈십자검 강화,血十字剣強化
사영검 강화,蛇影剣強化
암흑참 강화,暗黒斬強化
연환격 강화,連環撃強化
처단 강화,処刑強化
시륜검 강화,矢輪剣強化
검막 강화,剣膜強化
승천검 강화,昇天剣強化
태산압정 강화,泰山圧制強化
섬광 강화,閃光強化
쾌속검 강화,快速剣強化
악즉참 강화,悪即斬強化
폭명기검 강화,爆鳴気剣強化
방검술 강화,防剣術強化
환검 강화,幻剣強化
승천 강화,昇天強化
비연참 강화,飛燕斬強化
마검발현 강화,魔剣発現強化
반월 강화,半月強化
용성락,竜星落
용성락 강화,竜星落強化
참마검,斬魔剣
참마검 강화,斬魔剣強化
고대의 맹약,古代の盟約
마검방출,魔剣放出
극 귀검술 : 파검무,極鬼剣術：破剣舞
궁극의 검 : 레바테인,究極の剣：レーヴァテイン
다크템플러의 판금 마스터리,ダークテンプラ―の板金マスタリ―
쉐도우 랜서,シャドーランサー
우시르의 저주,ウシルの呪い
히든 블레이드,ヒドゥンブレード
쉐도우 바인딩,シャドーバインディング
쉐도우 하이딩,シャドーハイディング
쉐도우 하베스트,シャドーハーベスト
스카폴드,スカフォールド
소울드레인,ソウルドレーン
이보브,イボルブ
쉐도우 퍼펫,シャドーパペット
리버레이트 - 벅샷,リベレイト - バグショット
리버레이트 - 매드니스,リベレイト - マッドネス
컨제스트,コンジェスト
블랙 미러,ブラックミラー
데들리 케이프,デッドリーケープ
디스트로이어,デストロイヤー
충실한 종,忠実なしもべ
둠스데이,ドゥームズデー
쉐도우 랜서 강화,シャドーランサー強化
스카폴드 강화,スカフォールド強化
디스트로이어 강화,デストロイヤー強化
블랙 미러 강화,ブラックミラー強化
쉐도우 퍼펫 강화,シャドーパペット強化
리버레이트 - 벅샷 강화,リベレイト - バグショット強化
데들리 케이프 강화,デッドリーケープ強化
이보브 강화,イボルブ強化
쉐도우 하베스트 강화,シャドーハーベスト強化
쉐도우 바인딩 강화,シャドーバインディング強化
리버레이트 - 매드니스 강화,リベレイト - マッドネス強化
소울드레인 강화,ソウルドレーン強化
스타폴,スターフォール
스타폴 강화,スターフォール強化
이몰레이션,イモレーション
이몰레이션 강화,イモレーション強化
베스퍼스,ベスパーズ
데우스 엑스 레이,デウスエックスレイ
지하드,ジハード
퍼니쉬먼트,パニッシュメント
데몬 슬레이어의 중갑 마스터리,デーモンスレイヤーの重甲マスタリ―
사복검 - 발,蛇腹剣 - 発
파천세,破天勢
사복검 - 무,蛇腹剣 - 無
광폭화,狂爆化
사형조수,死刑助手
사복검 - 조,蛇腹剣 - 締
마검 제어,魔剣制御
폭류나선,爆流螺旋
분마검,分魔剣
혈화난무,血禍乱舞
혈지군무,血至群舞
검마격살,剣魔撃殺
탐욕의 번제,貪欲の燔祭
암연검 : 기가 블레이드,暗然剣：ギガブレード
사복검 강화,蛇腹剣強化
폭류나선 강화,爆流螺旋強化
사형조수 강화,死刑助手強化
분마검 강화,分魔剣強化
검마격살 강화,剣魔撃殺強化
혈지군무 강화,血至群舞強化
혈화난무 강화,血禍乱舞強化
역천의 프놈,逆天のプノム
역천의 프놈 강화,逆天のプノム強化
혈마검 강화,血魔剣強化
혈마검,血魔剣
마인의 검세,魔人の剣勢
암연격 : 기가슬래쉬,暗然撃：ギガスラッシュ
비인외도 : 극,非人外道：極
파계검 : 라그나로크,破戒剣：ラグナロク
베가본드의 가죽 마스터리,バガボンドのレザーマスタリー
삼재검,三才剣
삼재회륜검,三才輪回剣
회륜,輪回
보조무기 장착가능,補助武器装着可能
양의공,両儀功
흡기,吸気
오기조원,五気朝元
삼화취정,三花聚頂
비상,飛翔
발화,発火
거압,巨圧
극검,極剣
비연장,飛燕掌
난화검,乱花剣
폭멸장,爆滅掌
폭검,爆剣
혜성만리,彗星万里
삼매진화,三昧真火
경전지화,勁箭之花
삼재회륜검 강화,三才輪回剣 強化
양의공 강화,両儀功 強化
혜성만리 강화,彗星万里 強化
폭멸장 강화,爆滅掌 強化
비연장 강화,飛燕掌 強化
난화검 강화,乱花剣 強化
폭검 강화,爆剣 強化
거압 강화,巨圧 強化
비상 강화,飛翔 強化
발화 강화,発火 強化
흡기 강화,吸気 強化
극검 강화,極剣 強化
십자검,十字剣
십자검 강화,十字剣強化
백보신장,百歩神掌
백보신장 강화,百歩神掌強化
연화검무,蓮花剣舞
등봉조극,登峰造極
연화섬,蓮花閃
월광비무,月光比武
어퍼 실드,アッパーシールド
라이온 킥,ライオンキック
엘븐 나이트의 판금 마스터리,エルブンナイトの板金マスタリー
퍼펙트 가드,パーフェクトガード
운명의 수레바퀴,運命の車輪
실드 스타크,シールドスターク
리탈 펀토,リーサルプント
피니쉬!,フィニッシュ！
인터셉트,インターセプト
방패 방어,盾防御
체인지 실드,チェンジシールド
강인한 신념,強靱な信念
방어 태세,防御態勢
무장 해제,武装解除
워크라이,ウォークライ
장미 갑옷,ローズアーマー
디멘션 몰트,ディメンションモルト
에이션트 보어,エイシェントボア
가디언 라이딩,ガーディアンライディング
에이션트 디어,エイシェントディア
선고,宣告
위대한 의지,偉大なる意志
자연의 수호,自然の守護
압도,圧倒
엘비쉬 점프,エルビッシュジャンプ
신록의 검,新緑の剣
체인러쉬,チェーンラッシュ
철벽방어,鉄壁の防御
뱅가드 스트랏슈,バンガードスラッシュ
자연의 속박,自然の拘束
런지 에볼루션,ランジレボリューション
분쇄,粉砕
대자연의 가호,大自然の加護
리탈 펀토 강화,リーサルプント強化
라이온 킥 강화,ライオンキック強化
어퍼 실드 강화,アッパーシールド強化
에이션트 보어 강화,エイシェントボア強化
실드 스타크 강화,シールドスターク強化
장미 갑옷 강화,ローズアーマー強化
운명의 수레바퀴 강화,運命の車輪強化
피니쉬! 강화,フィニッシュ！強化
인터셉트 강화,インターセプト強化
무장 해제 강화,武装解除強化
천마 섬광,天馬閃光
가디언 라이딩 강화,ガーディアンライディング強化
에이션트 디어 강화,エイシェントディア強化
분쇄 강화,粉砕強化
자연의 속박 강화,自然の拘束強化
선고 강화,宣告強化
압도 강화,圧倒強化
런지 에볼루션 강화,ランジレボリューション強化
뱅가드 스트랏슈 강화,バンガードスラッシュ強化
신록의 검 강화,新緑の剣強化
철벽방어 강화,鉄壁の防御強化
엘비쉬 점프 강화,エルビッシュジャンプ強化
생명의 전조,生命の兆し
생명의 전조 강화,生命の兆し強化
신뢰의 돌파 강화,信頼の突破強化
신뢰의 돌파,信頼の突破
체인 스트라이크,チェーンストライク
용기의 방패,勇気の盾
자연의 분노,自然の憤怒
트와일라잇 유니콘,トワイライトユニコーン
혼혈,魔界の血
카오스의 중갑 마스터리,カオスの重甲マスタリー
테크트리 : 데몬 솔져,テックツリー：デーモンソルジャー
테크트리 : 데몬 매지션,テックツリー：デーモンマジシャン
약식소환 : 보라스,略式召喚：ボラス
공격 금지,攻撃禁止
군단 정렬,軍団整列
약식소환 : 럭키왁키,略式召喚：ラッキーワッキー
수호자 : 악신 아텐,守護者：悪神アテン
군단 해산,軍団解散
약식소환 : 히스테릭 워리어,略式召喚：ヒステリックウォーリア―
공진,共振
희생폭탄,生贄の炸裂弾
약식소환 : 트윙클 아티스트,略式召喚：トゥインクルアーティスト
팬시 트위스트,ファンシーハリケーン
카리스마,カリスマ
약식소환 : 젤라틴 마스크,略式召喚：グリーンマスク
약식소환 : 뱀파이어 칠드런,略式召喚：ヴァンパイア・チルドレン
브레인 스톰,ブレーンストーム
약식소환 : 크레이지 스핀,略式召喚：クレイジースピン
파성추,破城槌
천공검,天空の雷剣
약식소환 : 레이지 햇,略式召喚：ラビットハット
엘레멘탈 서클,エレメンタルサークル
제노사이드 크러쉬,ジェノサイドクラッシュ
약식소환 : 빅대디,略式召喚：ワイルドダディ
파이널 어택,ファイナルアタック
약식소환 : 하트퀸,略式召喚：ハートクイーン
착취,搾取
악신난무,悪神乱舞
군단 정렬 강화,軍団整列強化
약식소환 : 보라스 강화,略式召喚：ボラス強化
약식소환 : 럭키왁키 강화,略式召喚：ラッキーワッキー強化
약식소환 : 히스테릭 워리어 강화,略式召喚：ヒステリックウォーリア―強化
공진 강화,共振強化
제노사이드 크러쉬 강화,ジェノサイドクラッシュ強化
약식소환 : 젤라틴 마스크 강화,略式召喚：グリーンマスク強化
파성추 강화,破城槌強化
약식소환 : 빅대디 강화,略式召喚：ワイルドダディ強化
약식소환 : 크레이지 스핀 강화,略式召喚：クレイジースピン強化
팬시 트위스트 강화,ファンシーハリケーン強化
약식소환 : 트윙클 아티스트 강화,略式召喚：トゥインクルアーティスト強化
약식소환 : 뱀파이어 칠드런 강화,略式召喚：ヴァンパイア・チルドレン強化
약식소환 : 레이지 햇 강화,略式召喚：ラビットハット強化
약식소환 : 하트퀸 강화,略式召喚：ハートクイーン強化
파이널 어택 강화,ファイナルアタック強化
천공검 강화,天空の雷剣強化
검은 충격 강화,黒き衝撃強化
검은 충격,黒き衝撃
미드나잇 카니발,ミッドナイトカーニバル
미드나잇 카니발 강화,ミッドナイトカーニバル強化
매시브 파이어,マッシブファイア
아텐의 화신,アテンの化身
대난투,大乱闘
아텐 현신,アテン現身
팔라딘의 판금 방어구 마스터리,パラディンの板金防具マスタリー
위핑 웨이브,ウィーピングウェーブ
세라픽 페더,セラフィックフェザー
퓨리파잉,ピュリファイング
세라픽 폴,セラフィックフォール
디바인 실드,ディバインシールド
실드 브레이크,シールドブレイク
레쓰,ラス
페이스풀,フェイスフル
디스럽션,ディスラプション
레트리뷰션,レトリビューション
컨페션,コンフェッション
포기브니스,フォーギブネス
이스트레인지먼트,イストレインジメント
컨실리에이션,コンシリエーション
글로리 오브 더 라이트,グローリー・オブ・ザ・ライト
프라이스 오브 미스트러스트,プライス・オブ・ミストラスト
퓨리파잉 강화,ピュリファイング強化
위핑 웨이브 강화,ウィーピングウェーブ強化
레트리뷰션 강화,レトリビューション強化
실드 브레이크 강화,シールドブレイク強化
레쓰 강화,ラス強化
디스럽션 강화,ディスラプション強化
컨페션 강화,コンフェッション強化
포기브니스 강화,フォーギブネス強化
이스트레인지먼트 강화,イストレインジメント強化
컨실리에이션 강화,コンシリエーション強化
인테그레이션,インテグレーション
디바인 생츄어리,ディバイン・サンクチュアリ
인테그레이션 강화,インテグレーション強化
멘데이트 오브 헤븐,マンデート・オブ・ヘブン
멘데이트 오브 헤븐 강화,マンデート・オブ・ヘブン強化
커맨드먼트,コマンドメント
옵스트럭션,オブストラクション
인게이지먼트,エンゲージメント
저지먼트 콜,ジャッジメントコール
드래곤스케일 경갑 마스터리,ドラゴンスケール軽甲マスタリー
드래곤투스,ドラゴントゥース
파이어 브레스,ファイアブレス
용인의 증거,竜人の証拠
드래곤 윙,ドラゴンウィング
블릿츠 스트라이크,ブリッツストライク
아스트라 소환,アストラ召喚
드래곤 브레스,ドラゴンブレス
슬레이어,スレイヤー
버스트 혼,バーストホーン
폭음폭식,暴飲暴食
너클 블래스터,ナックルブラスター
드래곤 팽,ドラゴン・ファング
드래곤 스매쉬,ドラゴンスマッシュ
스피닝 레이드,スピニングレイド
대식가,大食い
태도 용제무쌍,太刀・竜帝無双
폭풍의 숨결,暴風の吐息
드래곤포스,ドラゴンフォース
울부짖는 뇌광,泣き叫ぶ雷光
파이어 브레스 강화,ファイアブレス強化
너클 블래스터 강화,ナックルブラスター強化
폭풍의 숨결 강화,暴風の吐息強化
태도 용제무쌍 강화,太刀・竜帝無双強化
블릿츠 스트라이크 강화,ブリッツストライク強化
버스트 혼 강화,バーストホーン強化
드래곤 팽 강화,ドラゴン・ファング強化
스피닝 레이드 강화,スピニングレイド強化
드래곤 스매쉬 강화,ドラゴンスマッシュ強化
용왕파천 강화,竜王破天強化
용왕파천,竜王破天
비룡천상,飛竜天上
비룡천상 강화,飛竜天上強化
계승자,継承者
미티어 버스트,ミーティアバースト
용제출진,竜帝出陣
종언을 고하는 빛,終焉を告げる光
퀵 펀토,クイックプント
헬름 샷,ヘルムショット
뱅가드의 중갑 마스터리,バンガードの重甲マスタリー
훅 앤 쓰로우,フックアンドスロー
인듀어,エンジュアー
패러트루퍼,パラトルーパー
파르티잔 슈트,パルチザンシュート
사이드 슬래쉬,サイドスラッシュ
앵클 컷,アンクルカット
스매쉬,スマッシュ
마창 제어,魔槍制御
클리브,クリーブ
서라운드 브레이크,サラウンドブレイク
헤드온 챠지,ヘッドオンチャージ
마창 해방,魔槍解放
임팩트 스매쉬,インパクトスマッシュ
브랜디쉬,ブランディッシュ
크레센트 슬래쉬,クレセントスラッシュ
비헤드,ビヘッド
드레드보어,ドレッドボア
블레이드 스톰,ブレードストーム
디베스테이트,デバステイト
마창 지배,魔槍支配
파르티잔 슈트 강화,パルチザンシュート 強化
유 다이드,ユー・ダイド
클리브 어퍼 강화,クリーブ強化
사이드 슬래쉬 강화,サイドスラッシュ 強化
앵클 컷 강화,アンクルカット 強化
퀵 펀토 강화,クイックプント強化
서라운드 브레이크 강화,サラウンドブレイク 強化
훅 앤 쓰로우 강화,フックアンドスロー 強化
패러트루퍼 강화,パラトルーパー 強化
비헤드 강화,ビヘッド強化
헤드온 챠지 강화,ヘッドオンチャージ強化
브랜디쉬 강화,ブランディッシュ強化
크레센트 슬래쉬 강화,クレセントスラッシュ強化
임팩트 스매쉬 강화,インパクトスマッシュ強化
드레드보어 강화,ドレッドボア強化
블레이드 스톰 강화,ブレードストーム強化
디베스테이트 강화,デバステイト強化
런지 스트라이크,ランジストライク
런지 스트라이크 강화,ランジストライク強化
둠 글레이브,ドゥームグレイブ
둠 글레이브 강화,ドゥームグレイブ強化
데들리 매서커,デッドリーマサカー
마창 각성,魔槍覚醒
버스트 슬래쉬,バーストスラッシュ
데모닉 인페르노,デモニックインフェルノ
듀얼리스트의 경갑 마스터리,デュエリストの軽甲マスタリー
장창 숙련,長槍熟練
스윌링 스피어,スウィリングスピア
미라지 스탠스,ミラージュスタンス
그라운드 씨커,グラウンドシーカー
오러 랜스,オーラランサー
트윈 펀토,ツインプント
슈트롬,ストローム
라이징 랜서,ライジングランサー
파동연환창,波動連環槍
공아,攻牙
메조싸이클론,メソサイクロン
뇌격점혈섬,雷撃点穴閃
미라지 스트림,ミラージュストリーム
오러 포스 재블린,オーラ・フォース・ジャベリン
헬름 샷 강화,ヘルムショット強化
공아 강화,攻牙強化
슈트롬 강화,ストローム強化
메조싸이클론 강화,メソサイクロン強化
파동연환창 강화,波動連環槍強化
뇌격점혈섬 강화,雷撃点穴閃強化
트윈 펀토 강화,ツインプント強化
미라지 어택 강화,ミラージュアタック強化
롤링 벌컨,ローリングバルカン
롤링 벌컨 강화,ローリングバルカン強化
삼일참월,三日斬月
삼일참월 강화,三日斬月強化
쿼드러플 드라이브,クワドループルドライブ
무형의 창술사,無形の槍術士
미스트 플레어,ミストフレア
살극쌍연무,殺極双演舞
드래고니안랜서의 중갑 마스터리,ドラゴニアンランサーの重甲マスタリー
두더지 사냥,モグラ狩り
헌터즈 무브셋,ハンターズムーブセット
서번트 랜스,サーヴァントランス
광창 마스터리,光槍マスタリー
니들러,ニードラー
헌터즈 샤프니스,ハンターズシャープネス
서번트 랜스 : 어썰트,サーヴァントランス：アサルト
버팔로 폴,バッファローフォール
마나 익스트랙트,マナエクストラクト
날개 꿰기,ウイングスキュアー
서번트 랜스 : 인게이저,サーヴァントランス：エンゲーザー
램 펜스,ラムフェンス
번 로커스트,バーンローカスト
페니트레잇 헤드,ペネトレイトヘッド
스케일 그라인더,スケイルグラインダー
잔류 감각,残留感覚
드래곤 슬레이어,ドラゴンスレイヤー
두더지 사냥 강화,モグラ狩り 強化
날개 꿰기 강화,ウイングスキュアー 強化
니들러 강화,ニードラー 強化
버팔로 폴 강화,バッファローフォール 強化
서번트 랜스 : 어썰트 강화,サーヴァントランス：アサルト 強化
스케일 그라인더 강화,スケイルグラインダー 強化
램 펜스 강화,ラムフェンス 強化
번 로커스트 강화,バーンローカスト 強化
서번트 랜스 : 인게이저 강화,サーヴァントランス：エンゲーザー 強化
페니트레잇 헤드 강화,ペネトレイトヘッド 強化
팔티잔 스큐어 강화,パルチザンスキュアー 強化
팔티잔 스큐어,パルチザンスキュアー
어스웜 헌트,アースワームハント
어스웜 헌트 강화,アースワームハント 強化
힘의 근원,力の根源
광룡분쇄창,光竜粉砕槍
데보닝 슬래셔,デボニングスラッシャー
데스 차지,デスチャージ
다크 랜서의 가죽 갑옷 마스터리,ダークランサーのレザーマスタリー
제국식 투창술,帝国式投槍術
다크 엠비션,ダークエンビション
더블 쓰로우,ダブルスロー
잠식,浸食
암흑나선창,暗黒螺旋槍
어둠의 투창 마스터리,闇の投槍マスタリー
다크니스,ダークネス
피어싱 드라이브,ピアシングドライブ
디스페어,ディスペアー
다크 베리얼,ダークバリアル
스파이럴 러쉬,スパイラルラッシュ
디퓨젼,ディフュージョン
다크 스타,ダークスター
흑광폭살,黒光爆殺
어둠의 지배자,闇の支配者
광폭 : 흑화연창,光爆：黒花連槍
다크 엠비션 강화,ダークエンビション 強化
더블 쓰로우 강화,ダブルスロー 強化
스파이럴 러쉬 강화,スパイラルラッシュ 強化
다크 스타 강화,ダークスター 強化
흑광폭살 강화,黒光爆殺 強化
암흑나선창 강화,暗黒螺旋槍 強化
피어싱 드라이브 강화,ピアシングドライブ 強化
디스페어 강화,ディスペアー 強化
다크 베리얼 강화,ダークバリアル 強化
디퓨젼 강화,ディフュージョン 強化
다크 디비젼 강화,ダークディビジョン 強化
다크 디비젼,ダークディビジョン
바이올런트 피어스,バイオレントピアス
바이올런트 피어스 강화,バイオレントピアス 強化
폴링 데스,フォーリングデス
심연에 드리운 어둠,深淵に落ちる闇
다크 임펄스,ダークインパルス
멸광천투,滅光天投
라이징 슬래쉬,ライジングスラッシュ
홀리 스매쉬,ホーリースマッシュ
넥 업 사이드,ネックアップサイド
강습,強襲
치유의 기도,治癒の祈り
무거운 죄업,重い罪業
무기 막기,武器制止
날벼락부,霹靂符
계시 : 아리아,啓示：アリア
빛의 은총,光の恵み
계시 : 크루세이드,啓示：クルセイド
홀리 플래쉬,ホーリーフラッシュ
컷 인 대쉬,カットインダッシュ
수호의 축복,守護の祝福
십자가 마스터리,クロスマスタリー
세례의 빛,洗礼の光
세인트 월,セイントウォール
용맹의 축복,勇猛の祝福
에디피케이션,エディフィケーション
샤인 크로스,シャインクロス
홀리 써클릿,ホーリーサークレット
용맹의 아리아,勇猛のアリア
정화의 번개,浄化の稲妻
부활,復活
그랜드 크로스 크래쉬,グランドクロスクラッシュ
재생의 아리아,再生のアリア
신실한 열정,信実な情熱
치유의 기도 강화,治癒の祈り強化
강습 강화,強襲強化
넥 업 사이드 강화,ネックアップサイド強化
고행,苦行
홀리 스매쉬 강화,ホーリースマッシュ強化
무기 막기 강화,武器制止強化
홀리 플래쉬 강화,ホーリーフラッシュ強化
무거운 죄업 강화,重い罪業強化
크럭스 오브 빅토리아,クラクス・オブ・ヴィクトリア
라이징 슬래쉬 강화,ライジングスラッシュ強化
세례의 빛 강화,洗礼の光強化
세인트 월 강화,セイントウォール強化
샤인 크로스 강화,シャインクロス強化
용맹의 아리아 강화,勇猛のアリア強化
홀리 써클릿 강화,ホーリーサークレット強化
정화의 번개 강화,浄化の稲妻強化
그랜드 크로스 크래쉬 강화,グランドクロスクラッシュ強化
신성한 빛 강화,聖なる光強化
리펜텐스 스매시,リペンテンススマッシュ
리펜텐스 스매시 강화,リペンテンススマッシュ強化
대천사의 축복 강화,大天使の祝福強化
대천사의 축복,大天使の祝福
우리엘의 결계,ウリエルの結界
라파엘의 축복,ラファエルの祝福
미라클 샤인,ミラクルシャイン
성창 : 브류나크,聖槍：ブリューナク
이단심판관의 중갑 마스터리,異端審問官の重甲マスタリー
플레게의 화염병,プレゲの火炎瓶
단죄의 십자가,断罪の十字架
심판관의 전투술,審問官の戦闘術
배틀액스 마스터리,バトルアックスマスタリー
징벌의 일격,懲罰の一撃
플레게의 정수,プレゲの精髄
광적인 믿음,狂的な信仰
성화,聖火
심판의 일격,審判の一撃
정수 뿌리기,精髄噴射
세례의 불길,洗礼の炎
즉결심판,即決審判
고결한 격노,高潔な激怒
참수,斬首
이단의 낙인,異端の烙印
플레게의 화염병 강화,プレゲの火炎瓶強化
화형,火刑
단죄의 십자가 강화,断罪の十字架強化
컷 인 대쉬 강화,カットインダッシュ強化
날벼락부 강화,霹靂符強化
고결한 격노 강화,高潔な激怒強化
참수 강화,斬首強化
심판의 일격 강화,審判の一撃強化
징벌의 일격 강화,懲罰の一撃強化
플레게의 정수 강화,プレゲの精髄強化
성화 강화,聖火強化
세례의 불길 강화,洗礼の炎強化
즉결심판 강화,即決審判強化
업화의 소용돌이 강화,業火の渦巻き強化
업화의 소용돌이,業火の渦巻き
정화의 불꽃 강화,浄化の火花強化
정화의 불꽃,浄化の火花
신벌,神罰
세큐리스 말레피카룸,セキュリス・マレフィカルム
차륜형,車輪の刑
불지옥,地獄の業火
무녀의 천옷 마스터리,巫女のクロースマスタリー
축지성촌,縮地成寸
염주 사출,数珠射出
목환자경,木患子経
구속제압부,拘束制圧札
신탁의 기원,神託の祈願
마혼제령술,魔魂除霊術
법력 강화,法力強化
공력의 구,功力の球
심혼흡성부,心魂吸星符
백팔염주,百八念珠
용의 격노,竜の激怒
부동주박진,不動珠縛陣
신룡의 여의주,神竜の如意宝珠
신탁 : 신룡뇌우제,神託：神竜雷雨祭
목환자경 강화,木患子経強化
마혼제령술 강화,魔魂除霊術強化
심혼흡성부 강화,心魂吸星符強化
백팔염주 강화,百八念珠強化
용의 격노 강화,竜の激怒強化
공력의 구 강화,功力の球強化
부동주박진 강화,不動珠縛陣強化
구속제압부 강화,拘束制圧札強化
시폭염화부,時爆炎火符
시폭염화부 강화,時爆炎火符強化
탈명대염진 강화,奪命大炎陣強化
탈명대염진,奪命大炎陣
용신의 힘,竜神の力
마혼부 : 퇴마음양옥,魔魂符：退魔陰陽玉
염폭모대주,念爆模大珠
현신 : 신룡진노,化身：神竜の怒り
미스트리스의 중갑 마스터리,ミストレスの重甲マスタリー
죄업에 짓눌린 육신,罪業に支配された肉体
듀얼 슬래쉬,デュアルスラッシュ
짊어진 자의 낫 마스터리,背負った者の鎌マスタリー
일곱개의 대죄,七つの大罪
길로틴,ギロチン
러스트 핸드,ラストハンド
프라이드 악셀,プライドアクセル
슬로스 바디,スロースボディ
롤링 러쉬,ローリングラッシュ
그리드 더 러커,グリード・ザ・ラッカー
사이드 매서커,サイズマサカー
스커드 더 라스,スカッド・ザ・ラース
죄를 고하는자,罪を告げる者
타락의 칠죄종,堕落の七罪宗
듀얼 슬래쉬 강화,デュアルスラッシュ強化
롤링 러쉬 강화,ローリングラッシュ強化
길로틴 강화,ギロチン強化
러스트 핸드 강화,ラストハンド強化
프라이드 악셀 강화,プライドアクセル強化
타락의 칠죄종 강화,堕落の七罪宗強化
슬로스 바디 강화,スロースボディ強化
그리드 더 러커 강화,グリード・ザ・ラッカー強化
사이드 매서커 강화,サイズマサカー強化
스커드 더 라스 강화,スカッド・ザ・ラース強化
엔비어스 키스 강화,エンヴィアスキス強化
엔비어스 키스,エンヴィアスキス
글러트니 바밋,グラトニー・ヴォミット
글러트니 바밋 강화,グラトニー・ヴォミット強化
퍼스트 프라나 : 금단의 결정체,ファーストプラーナ：禁断の結晶体
세컨드 소울,セカンドソウル
서드 립,サードリップ
라스트 제네시스,ラストジェネシス
현월참,弦月斬
히트맨의 경갑 마스터리,ヒットマンの軽甲マスタリー
앵글 샷,アングルショット
강타,強打
G-Bomb,G-Bomb
데드리프트,デッドリフト
뒷목 가격,うなじ打ち
빔 슬래쉬,ビームスラッシュ
장도 마스터리,長刀マスタリー
신속 기동,迅速機動
코어 실드,コアシールド
C.Q.B Specter 5,C.Q.B Specter 5
원호 사격,援護射撃
서프라이즈 컷,サプライズカット
데드 식스,デッドシックス
빌 드릴,ビルドリル
기습타격,奇襲打撃
숙련된 전문가,熟練の専門家
전술 지휘,戦術指揮
집중 사격,集中射撃
카라콜,カラコル
알파 스트라이크,アルファストライク
휩쓸기,大暴れ
최후의 일격,最後の一撃
B.G 파이어툴,B.G ファイアツール
빔 슬래쉬 강화,ビームスラッシュ強化
블리츠 크리그,ブリッツクリーグ
신속 기동 강화,迅速機動強化
원호 사격 강화,援護射撃強化
G-Bomb 강화,G-Bomb強化
현월참 강화,弦月斬強化
뒷목 가격 강화,うなじ打ち強化
앵글 샷 강화,アングルショット強化
강타 강화,強打強化
데드리프트 강화,デッドリフト強化
코어 실드 강화,コアシールド強化
집중 사격 강화,集中射撃強化
서프라이즈 컷 강화,サプライズカット強化
데드 식스 강화,デッドシックス強化
빌 드릴 강화,ビルドリル強化
기습타격 강화,奇襲打撃強化
최후의 일격 강화,最後の一撃強化
알파 스트라이크 강화,アルファストライク強化
카라콜 강화,カラコル強化
휩쓸기 강화,大暴れ強化
포인트 블랭크,ポイントブランク
포인트 블랭크 강화,ポイントブランク強化
헬릭스 다이브,ヘリックスダイブ
헬릭스 다이브 강화,ヘリックスダイブ強化
B.C 트레이닝,B.Cトレーニング
택티컬 오펜시브,タクティカルオフェンシブ
벽파일섬,碧波一閃
황혼의 날개,黄昏の翼
요원의 가죽 마스터리,エージェントのレザーマスタリー
로망 대시,ロマンダッシュ
연속 사격,連続射撃
요원의 전투술,エージェントの戦闘術
소태도 마스터리,小太刀マスタリー
쌍현참,双弦斬
이베이전,イヴェイジョン
달빛 가르기,月光斬り
암살 목표,暗殺目標
임무 시작,任務開始
조준 사격,照準射撃
보름달 베기,満月斬り
암월비보,闇月秘歩
목표 사격,目標射撃
블레이드 팰컨,ブレードファルコン
결의,決意
요인 암살,要人暗殺
로망 대시 강화,ロマンダッシュ強化
연속 사격 강화,連続射撃強化
달빛 가르기 강화,月光斬り強化
쌍현참 강화,双弦斬強化
보름달 베기 강화,満月斬り強化
암월비보 강화,闇月秘歩強化
목표 사격 강화,目標射撃強化
블레이드 팰컨 강화,ブレードファルコン強化
조준 사격 강화,照準射撃強化
목표 포착,目標捕捉
목표 포착 강화,目標捕捉強化
문페이즈,ムーンフェイズ
문페이즈 강화,ムーンフェイズ強化
냉혈,冷血
월광진혼곡,月光鎮魂歌
섬멸,殲滅
월식,月蝕
트러블 슈터의 중갑 마스터리,トラブルシューターの重甲マスタリー
롤링 무브,ローリングムーブ
더블 배럴,ダブルバレル
숙련자의 전투술,熟練者の戦闘術
중검 마스터리,重剣マスタリー
브레이크 샷,ブレイクショット
역전의 승부사,歴戦の勝負師
소드 밤,ソードボム
디퓨전 버스트,ディフュージョンバースト
화약 다루기,火薬の扱い
G-CTF,G-CTF
오프레션,オプレッション
번 투 슬래쉬,バーントゥスラッシュ
디스트러블 퀘이크,ディストラブルクエイク
서프라이즈 프레전트,サプライズプレゼント
리인포스 파이어,リインフォースファイア
G-Widow,G-Widow
더블 배럴 강화,ダブルバレル強化
소드 밤 강화,ソードボム強化
G-CTF 강화,G-CTF強化
번 투 슬래쉬 강화,バーントゥスラッシュ強化
오프레션 강화,オプレッション強化
디스트러블 퀘이크 강화,ディストラブルクエイク強化
서프라이즈 프레전트 강화,サプライズプレゼント強化
브레이크 샷 강화,ブレイクショット強化
디퓨전 버스트 강화,ディフュージョンバースト強化
퍼펙트 배팅,パーフェクトベッティング
퍼펙트 배팅 강화,パーフェクトベッティング強化
겟 온 파이어,ゲットオンファイア
겟 온 파이어 강화,ゲットオンファイア強化
황야의 무법자,荒野の無法者
바이올런트 스매쉬,ヴァイオレントスマッシュ
더 나인 배럴,ザ・ナインバレル
인크레더블,インクレディブル
스페셜리스트의 천 마스터리,スペシャリストのクロースマスタリー
인텐션,インテンション
로테이션 웨이브,ローテーションウェーブ
코어 블레이드 마스터리,コアブレードマスタリー
테이저,テイザー
인젝션,インジェクション
스퀘어리,スクェアリー
엑소셋,エグゾセ
코어 프렉시스,コアプラクシス
일렉트릭 필러,エレクトリックピラー
어트랙트 에뮤니션,アトラクトアミュニション
이미션,エミッション
라이트닝 슬래쉬,ライトニングスラッシュ
디바이드 어쓰,ディヴァイドアース
앰플리파이,アンプリファイ
버스트 필드,バーストフィールド
로테이션 웨이브 강화,ローテーションウェーブ強化
디바이드 어쓰 강화,ディヴァイドアース強化
테이저 강화,テイザー強化
스퀘어리 강화,スクェアリー強化
엑소셋 강화,エグゾセ強化
일렉트릭 필러 강화,エレクトリックピラー強化
라이트닝 슬래쉬 강화,ライトニングスラッシュ強化
어트랙트 에뮤니션 강화,アトラクトアミュニション強化
이미션 강화,エミッション強化
에너지 바운스 강화,エナジーバウンス強化
에너지 바운스,エナジーバウンス
디스펄션 강화,ディスパーション強化
디스펄션,ディスパーション
코어 패러다임,コアパラダイム
라이트 브랜디쉬,ライトブランディッシュ
CEAB-2,CEAB-2
익시드,エクシード
백스텝,バックステップ
퀵 스탠딩,クイックスタンディング
기본기 숙련,基本技熟練
도약,跳躍
물리 크리티컬 히트,物理クリティカルヒット
마법 크리티컬 히트,魔法クリティカルヒット
물리 백 어택,物理バックアタック
마법 백 어택,魔法バックアタック
고대의 기억,古代の記憶
불굴의 의지,不屈の石
투척 마스터리,投擲マスタリー
컨버전,コンバージョン
검기상인,剣気傷人
무형지경,無形之境
극 발검술 : 무형참,極抜剣術:無形斬
찰나의 깨달음,刹那の悟り
내딛는 한걸음,踏み出す一歩
천제극섬,天帝極閃
각성의 실마리,覚醒の糸口
데모닉 크라운,デモニッククラウン
탐식의 크레바스,嘆息のクレバス
구천강림 : 귀문,九天降臨:鬼門
페이탈 블러드,フェイタルブラッド
램펀트 매드니스,ラムペントマッドネス
무자비,無慈悲
혈귀극도 : 파멸,血鬼極刀:破滅
파동비전 : 혜안,波動秘伝:慧眼
파동교류 : 수폭,波動交流:無為法
파동신결 : 천뢰,波動神結:天雷
악귀무쌍,悪鬼無双
무식 : 신귀극참,武式:神鬼極斬
투귀혼연살(鬪鬼魂連殺),闘気魂連殺
의지를 담은 넨,意志を込めたネン
천뢰분신보,天雷分身歩
염인환류파 - 천지개벽,炎印還龍波-天地開闢
질풍경초,疾風勁草
라이트닝 시프트,ライトニングシフト
진(眞) : 각성연환격,真：覚醒連環撃
독문마경,毒門魔境
페인킬러,ペインキラー
사흑주 독아혼천,蛇黒周 毒牙混天
샤이닝 윙즈 플랩,シャイニングウィングスフラップ
스테이블 : 디 얼티밋,ステイブル：ジ・アルティメット
피날레 오브 더 퀸,フィナーレ・オブ・ザ・クイーン
더스트 샷,ダストショット
더스트 샷 강화,ダストショット強化
아웃 스탠딩,アウトスタンディング
엑셀레이션 트리거,アクセレーショントリガー
데스 크라이시스,デスクライシス
오버부스트 팩,オーバーブーストパック
인터록 새틀라이트,インターロックサテライト
MLDRS-95,MLDRS-95
오비탈 디재스터,オビタルディザスター
로봇 엔지니어링,ロボットエンジニアリング
버추얼 러쉬,バーチャルラッシュ
S.O.P.H.I.A,S.O.P.H.I.A
GW-16 발트슈타인,GW-16バルトシュタイン
얼리전트,アレジアント
이터널 버스터,エターナルバスター
황야의 폭풍,荒野の嵐
어시밀레이트,
썬더 레이지,
코스믹 캘러미티,
필살검 천귀살,
포스티쿠스 루나,
지고의 정령왕,
포식의 델라리온,
일기당천 쇄패,
아르모니아,
레이 오브 프리미티브,
프레센시아,
엑스티시온,
잭 프로스트 빙수,ジャックフロストかき氷
붉은 사탕,
잭 오 할로윈,
아르스마그나,
불길한 눈웃음,
애정전시,
종막극,
굳건한 의지,
징벌,
성스러운 분노 : 아스트라페,
신의 대행자,
최후의 심판,
하나의 정의,
어그레시브 저지먼트,
정의 집행 : 레미디오스의 성좌,
퇴마의 서,
역린격,
역린격 강화,
항마신장,
식신멸진:합,
오행(五行):벽천지격,
레쳐스 데빌라이즈,
다이어 스트림,
괴멸의 복음,
하이테크놀로지,ハイテクノロジー
자연경,自然勁
광호천지파,狂虎天地波
삼라만상,森羅万象
섬격,閃撃
섬격 강화,閃撃強化
한계 개방,限界開放
필멸의 습격,必滅の襲撃
멸화파천격,滅火破天撃
로드 투 헬,ロード・トゥー・ヘル
피카레스크,ピカレスク
배드 엔딩,バッドエンディング
부동심,不動心
천지역전 : 무뢰(武雷),天地逆転:武雷
흑패성진 : 사문격쇄,黒覇聖陣:死門撃砕
원소 융합,元素融合
원소의 이해,元素の理解
블러드 혼,ブラッドホーン
태풍의 전조,台風の前兆
자각의 실마리,自覚の糸口
마검일체,魔剣一体
극 마검술 : 창륜검,極魔剣術:蒼輪剣
엑시던스,アクシデンス
리전 오브 슈프림,リージョンオブシュープリーム
라케르쏜즈,ラケルソーンズ
인카네이션,インカーネーショ
콰이터스 리뎀션,クワイエタスリデンプション
혈문지괴검,血舞之怪剣
마인의 여왕,魔人の女王
비인검 : 알카트라즈,弑神剣: アルカトラズ
일화도강,一花渡江
일화도강 강화,一花渡江強化
엽해소옥,葉偕消玉
검선지경,剣仙之境
월하무즉정야,月下舞即静夜
힘의 논리,力の論理
미라지 부스트,ミラージュブースト
절명창,絶命槍
마창 폭주,魔槍暴走
절명창 강화,絶命槍強化
천녀기우제,天女祈雨祭
죄를 깨우는 손길,罪を呼び起こす手
정화의 꽃,浄化の花
죄를 깨우는 손길 강화,罪を呼び起こす手強化
