eee9e1e80fc7a4a99d0325d6d77e0d02,カンテミール伯爵カード
26752e17af69b20f3daead6ac612b5ae,暴投ドレックスカード
b38a7969afd91210037a21aef494fed8,ずるずるタブルカード
b458e10d4a1c85075c2e65d484e649eb,ロケットマンカード
9c0c86cb9b27e697fc6042dc6d0b1fc5,ズーマーT500カード
7b0d15995dd9736ec259e132b8782dea,ハンターキラーカード
e7df1712a3b94b39dc6a7fb02042ad35,グリムシーカー・戦士カード
b327469368c5a911cda0d78c579f6305,グリムシーカー・偽装者カード
da02cba9a8b42f533e07833586c807bb,超合金のスーパーアーロイカード
18c129fd3182476ec5e8110e0034672c,ゴールドプラタニカード
9eda2a279a7b280acb6644804f9d3045,三女スクルディカード
cc9f9ddd92155f0ea1e62da5410dbb97,幻影獣人ヨークシャカード
5ae5362a57cb305c2ea43fcb9bbd1909,結氷のケラハカード
c0dd262f2e3aff0df1b3bfb075b67669,犬人ハクドカード
9f6ec978eff07a222ab624eaf4fd70ea,第3英雄 - 鋼鉄の剣士バドルカード
015c084ba431bfcc8490f2d175d42994,氷の女王・ローシーカード
88bd4e096919a535c24681774fffb524,爆炎剣守護ガーゴイルカード
9b1f963f97f615065a0d0165dd9e831c,チフ・サースカード
4498de902f7bf072409f38f891849569,スカルナイトカード
2b3166c6dc9282c48a1193ece517d059,ペップル・ズジョーカード
149f04a37085c5f0666fe09b2874553a,魔法獣人ファイアンカード
d511687577d195e8ebf9e4e04fb8af23,パガルカード
5a6220d05090acddc69078bf71bd9719,スカルケインカード
abefac810a8d2e30b83b5adf00e6e0d2,巨大火炎スライムカード
4df600ea185fb765101572f18bd27afe,オーク隊長:ブラッドアックスカード
043131a699ebbb785d3252d847c8a842,青い影のマサチオカード
19fa8a0416aaa951730166bd5dbd8d18,フライングジェリコカード
dcf2bff5690df0c31bc69ff14236551a,マッドネスアントカード
7eb463f9297f6f0f387a83bf8699fdd5,幼いヒスマカード
2c0c7a084697e63ad57fa55fa03cb2cb,堕落したGBL信者カード
ddd43ca4f531b5503629accf57969b8b,運命のルノンカード
d76af1bd75ef463bd61a4b974cca7a7a,食いしん坊ダルカード
a64488ef09d39e125bf65fb37612df6a,マグネウスカード
4d9384b58f270172159298f2e0344693,タウキャプテンカード
eef3d40ca2245cad99754d4c5986f004,恐怖のアスタロスカード
b21c309af18c05bc1c2707c2d1aa999b,ケルベロスカード
9b688dd30309ffcb013cb87fc758c684,念動力者・ミシェル＝モナハンカード
4695826e4d84fa7e335e778cf02fb39e,犬屋ミョジンカード
c4a1d59d8adc9238f3c0e4042c8045bc,雷のパリスカード
e6674f6884518ebf0c3b743a8e9cb8f9,放火犯ベンティンクカード
a094a839fa8a9234db6b4d8ff12faffe,メカニック・ジゼルカード
706184e7fef981be0aea3bc952c63b0a,変異したゲルマルカード
40faab24ced2961c996e811d2a202256,ラプソディアカード
5adeb6646652db6a5a05df2a3ddf779c,マリス＝モーガンカード
510a228b66d09d5d3b97afd6edc51b88,調教師:オシェイカード
1b3d709dea5aaedf5ac5f2a55811f163,ロディングローカード
acada40631882c7565000abd47e577c9,炎のビノーシュカード
299ee55518b06b6755ced1610660e415,氷牙シャバンテカード
3f4e237a29a47f2eec46d6b7955ef3c7,巨人ボトラーカード
16ba16aa5e502c4bf5d00583e9ac804f,砂風のベルクトカード
e5a427e19c21f1b076fb6afe2cf4f4e9,獣王ウムタラカード
7124f625e665d98fc7d2b7dfd8d1ed17,モスクィーンカード
31d2965b537cc2ceebe7acb44a38277d,アガルムカード
ffca3f3d9edde51726bbedeede0a0810,カンペラカード
32ab0ccf672d9b94758b1470ec3d23af,舞撃拳のレンツカード
3f45a5ae7c45f158ca4508c01bb08525,機械仕掛けの腕ウォージャックカード
9d9ccc14038e638e506983e6ed6ff5ec,アガメムノンの力天使カード
1f92b622d35d87071ff9f0e5978e7f04,ゼテスカード
8c48f046bdf2bf059befeef5e75c1856,夢幻士カード
0de18501dcb2cd1a60462b393a12947d,アカルカード
dbf749dd88e525688a2d980204bca714,ウッディプラントカード
e568b62dd057c9d8debb29614f708f62,ガーディアン・オリーカード
25e9d50af0b8ab26c3b8ee3710dc7102,ビット＝バスティーカード
e0c3e68953434484e1e0e3e6b8e9a5ea,剔抉のポエナカード
3e67fb872250579e0daa21ba976ce0ec,アガメムノンの智天使カード
342b0c985f62a17d4e53d26db73fbef5,狂気のアーデンバインカード
3eaa261cc0089ab72d7dfec8a1671bad,悪夢の根源カード
1be6d82a1477f7ada45473429372a1fc,忘却のアスランカード
87974bd2aac97e31948d0eaf06bb5b70,シュガルカード
881692c767656a757e3df3cf7829b825,執事ヤジョフカード
25bdedcfd90f427015355ff262f90fd3,火の猫シャロンカード
60b9655d24cfee348fbad3577e40ebb9,子犬トトカード
fd77edcb49497511dbe8223eb1818a99,犬鼻のヴァンシアカード
922159cc3f96d15c41a4bf8ed1bb873b,次女ベルディルカード
712545cc1129e5e6186a3d66e355afc9,長女エルダカード
3f7d795ce69f7a1150721473945cf839,闇の偶像アヌビスカード
b1e1ebcee285b6a036acf0983c42a717,契約者ネリーカード
c979e1e517b8283eccfcaef66fd17269,奴隷商メイシーカード
b9a89269f08131c75c78d61d7640b3c7,レッドクラウンカード
00c75d17eb614247fd3d7ff757badf83,ビッググローブタルラカード
817e50aef55ad05e0772472c3f5e34e3,スケア・クロウカード
eddb103be3f00c8c3733cd95f6d78a29,恐怖の思念体カード
d2b0ead9b6ae789f01386c22a23f06e1,飢えたジャックカード
475188cf44f184a730f6a882ef773785,グランデマヌスカード
3033cf8db1c8d9a92c3c5744035777d2,サキュバスプリンセスカード
f1206f5d51ce0017fc95e6658bd178d2,量産型ベッキーカード
19537e0461381788e0b488609a3a04f0,プシキンカード
13f8656a1bd6a3f9aff79188c9906b01,欲望のランパードカード
e2a7e642b3677de5257e532f1f9563ae,アルティメータムカード
2ac57fdf20ea69c3e15d169894d17d11,ハイラム・クラフカード
936f84dd30b0e24be159ba8c41777b07,機動隊長シュレドカード
98ceee80653587174a83e91e4e7f0001,長靴をはいたマルチェラカード
f4279299d1c79b11fbd2cb51b323f852,狂乱の偽装者カード
f2af96ee6e9fe88e9d864a5e4c0d8806,錆剣のジュリアンカード
ccc8c4d4f383f580f8b5198728abb11c,飛剣ギリアードカード
99d0a56d67e6a6d7677b9213110cdc39,ハイエナ・キープカード
3258423af82a5dd292c8adfd03aa0571,ケインカード
1fa9598c352c9be305fbe84d552c149a,怪力獣人ボーガスカード
b24e5ae74696e6939106c897d70c23e6,血剣のビラードカード
e87b6e85288c321d115c29d83cb53eb5,人質術師アガテカード
8931d128168e69c155bd6ce95f6555ac,バリアのマグクロリーカード
016923abf474cfe2e68ca29713e1d3eb,剣歯虎バルデス兄弟カード
3356059624a4da1492d6a62be3a0a98a,トーグカード
dbe8de37cf8c5cb8e7f87cec8e327ff4,魔界の生物カード
eb4f8636c08d91a4ab9ba07cb997b75f,アガメムノンの主天使カード
aaa5f2d017156b7615a0573c495e850b,グリムシーカー・格闘家
44d67982fe672d2c1a2fa1ad79531685,火盾のボッティチェリーカード
cc5c8d1445f59e5508528b11ee99f2d1,ハンマークラウンカード
440e24e9bfa57165b1fc18f048b595d1,マッドライオンカード
0a7f2d95e1d135c08ffcc71d176112a7,鬼神疾走サキカード
b2ac35ce9d659945223b97ad73c11f7d,グレートアックスカード
34b9f28e43f0e9c0351fb7606a832d03,スカーカード
3fd4e80848a3d029254d5f4bb9ba53d0,治療師ソニャールカード
81ad23168933aa59f515aff166728aa5,テイマーのガロワカード
7d38f26d710aa775cb38d79630f869ee,引き分けドミニクカード
b2e30c1f961f917a53bcc502a142bbf9,闇を召喚するタリアカード
749ae9f99158ff3a386bd203f309317b,バンジェリスカード
2b79a4be71f4007ec671261427643e3f,ディーラーイロンゼカード
fa89d0103c6f9e537e8c0194387d59c3,プニャトール・ドルケカード
abd09531be7be5758cb00db732b2b09f,猟犬サイラスカード
f9148d416420b82e6eea93822ed3e8ee,警護隊長カースティンカード
377b924a474633cbb2bc34a1512489e6,霊魂飼育士モンデグリンカード
bbb739eecbc77ef96359262bdb0a1c32,鉄腕の王女カルバリーカード
e3813c56918598c82e1f9f289dbcbe59,夢幻車掌ラビネーターカード
a08a4ab8f5190f559f844bf18cf54b42,堕落したアルソルカード
de7d0b1db4e51e7b6002233af6e5638a,スティック・ヴァン・プラティンカード
3287d149991944d497baac2a8f212ec6,真：グリムシーカー司祭ヌビルスカード
758e4c6fd639338f2d39c8245c5a5c4a,死竜スピラッジの頭カード
d5e6bd0f486519855b3b94c262f6a780,ニルバス＝グラシアカード
ac935f2584d7dcd152a9b9b0e6c17da2,悪剣ベアラカード
1a37fb01a694a230cb0c4821cd3ec911,ゲッセン＝グリーガンカード
d41f83b20b4c25d01885e38078657d9c,第1英雄 - 妖精騎士ルンゲルカード
fb28d6c2e64d5833565ec81112eb10f2,禁忌を犯した白錆のシスレーカード
4986b95a997867b7ee05f4d257dc417b,粉砕のアトールカード
86026ce3c3bbec9b3f51986fa3305371,マグトニウムファイブカード
186488adfcc523b4e0c5cf727e401bff,エンゾ・シフォカード
4e143fae449dca2e9c966ee00ec681ad,巨大ヌゴルカード
3bfe26d0ad8460ce83a678c028ba8bf1,魔剣バキラ改カード
52f91ef368b536144b50be159c0c328c,ネイトラムカード
3b0488252d1023a4e2413ca49de12f2d,植物のアイビーカード
5ea88bbadd251a95ba7ce49e2fefdea0,ビッグゴースト・フルーカード
07891957a33ef576195724b0fed97073,黒き疾病のディレジエカード
1aaeedc5055daac2b36d10c0b2952b27,ボルケーノスパイダーカード
34ff4c19b191c8fc524fd8ba2e8d68d5,トリアセレブラムカード
14472c0fb866cb0be8d47ec27da764c7,暴龍王バカルカード
6492f69d152f9e1c7299f324a3332a70,憎悪のベールカード
b9c37d3fba8a2bce0d160abe516a31b8,突撃隊長ランゼルスカード
6e0c554beff1bb08d70b60ede8ae97be,悲痛のぶブフォンカード
deb7b3b11c72af4fee06cedf95637562,公爵ユリスカード
07b9091ccd7c11efbb0dec5f76b4aa35,ブレイズストーンカード
5a1707ec45870d559d9f67803343343e,真：風のアッシュカード
90fed0a40d79cb12cacafc9d9c65e88f,真：ハンマー王ボロディーンカード
e91ddac4569b9c0e034d13a70f536d71,真：頑固なハートネックカード
7c145871a4793663e2f6a39a88bcd500,真：盗掘王カード
6e84770e6a3659f8f3acf208c42a0e6a,真：キル・ジョーカード
1b5c1278e397fe5ba71d71525ca9e561,真：ランゼルスカード
44266c57843b226681ca16f542556cdc,業火のフィッツカード
e0ec379c1f6abd30e5af8aa1faadf5f4,永嘆のサミュエルカード
eeb72c118525a6fda65cb643c0730515,戦慄のパトリスカード
a5fe6da3ef2f9d75efddfac0539242b1,虚無のファーマンカード
7e403fc11832b37ac36e0a7263c2b767,ロータスカード
ad49f7d99cbbc58b6bdb7d0642bbcd64,聖眼のミカエラカード
55dc11b5538d6cf5a427c3381a2d5de0,アガレスカード
038cf9e4e40f07db27fbbc5c5a834bae,ディレジエの幻影カード
f8d7be097adf499a5cd80f818158089a,ゴブリン王・ゴルゴカード
6f11d59c47a9570e84247d6b1b38aecc,爆炎の探求者ジャードラコンカード
eced04fd57e249901ee58cc125802837,妖女ナマックカード
a07ade0cb40cbb67bfb9ebc35e8fe8df,クムロニンブスカード
3b162519e9d3b625afa652078a337a93,ドゥームタイオリックカード
8cd5763914af7864045b63356422cce5,磁力のマグネティックカード
36a472007bd509cd180b2c55480c8aed,ドゥームフレイナスカード
12fcd12e07651d8ab1764a65721633e0,孤独な拳ケパドナカード
a56ac29f29723076d0177931603aab12,月虹のエイクカード
9a56ae44d4d43dbd72dc6e90bb38656b,白色のタゴールカード
6d5a03eb90787305e541ce7ab843dddf,ドラゴンストーンカード
831f40909b86aa62ff8e8863498995db,ジゼルカード
d4741bcdf3b0a3f4b57ea7e5622b566f,謹厳の顔-ベルナルドカード
61462518d8df9e5a25b3fccc2201a9b8,門衛クラテックカード
8d291d5937d868556ee4ece9b79127c6,紅炎のヘキソースカード
c0d6aee73e7807b9bc390c4f46c083eb,縫製人形白錆のシスレーカード
94dc27cc6f47d846dc007dbaf930c84e,メタルギアカノープスカード
7b95aa3f011e3dbc10bbed627578b056,アルゴスカード
69abebca03a93c23ecf60b4cf3aa82c2,ゴールドクラウンカード
ab554543514dbce2d0b865fb94779291,黒火のロークカード
c92200a06e08942650b288d74f485e6a,スパルナカード
0d314c8f52069ef535bf800ea98e2607,青い魔女カード
8d069ebf9a8ba8a88759776aa75537e8,魔剣士チェルマクカード
cf0cc5f50bc6d3b4d3496e43935a2498,鋭いカシャサカード
299195b51a7c56f674537146c5398a3b,グリームシーカー司祭：ヌビルスカード
a492ea9aa31319865bece5cfcd618a29,重力のバイスカード
7f23428474c2def4b5c56fac08389954,強腕のクロカード
12972068f1423ceb4991d42e3719f214,ピーター・ザ・パイパーカード
fa8173ce3c62a2798cd632acc1dc4bf4,人類の裏切り者:フィンベルカード
072f2f74be7f21145b615ece24511b11,ブワンガカード
0ec4a7fb5dc83227f4e702e8459586f4,第5英雄 - 怪力の拳士ユルクレスカード
f0b513ffe783d9bde9dad1f7c6b905a0,メタルギアカード
81e5c770abc08979e9e6e6de3043c5cc,汚染のカリナカード
2cdaa5898aab0a8f154910ee8c36dcf2,宇宙粉砕機:クラッシャーカード
6a3abcd370ba36946b5475b78f448dfc,ヘッドレスナイトカード
d21ba562d140bc55c3efb2b27fcb5331,トラウマヨムカード
036b4bc03a66771a1d124a15a3aad563,高強化アルゴスカード
43ad4dc693f2834b981f69d05a6c02ab,毒王ルイゼカード
b147bd99121268a3300910947d8cfe06,GT-9600カード
a5f0d15d8f850d03716769dbef2b725b,燃え盛る怒りの王子カード
5f945d40b4769cf8310ec9c338ab82ef,偽装者ブラッディアカード
6239c38959a93272cc43ff57353c1ff8,霜魔女ヒンカード
1c98d14878cabc08416285dc3643ec6d,浄化のスネイダーカード
8c812606167d88bb58722f6bc0ef698e,魔眼のセルカード
327e0ad1912ffd2643158af1d1a263b6,黒鱗ムサンバニーカード
ece3f88fce067fe9e6469611fd4e697d,空間条約者・ガウニスカード
a2da721f75b7cb6ee598b66327687df0,オメガガーディアンカード
1174b067f1379c0cf9534e72757f0b1e,混沌のオズマカード
92b5d6850d27d44090fba887026fc3da,若いスカサカード
e177e1f36d44c1a2f988fd073a96bfdf,真：ビッグゴーストフルーカード
cb1a29a63b1ae5a625a065a7a38f6192,光の城主・ジグハルトカード
d8f9a6ed79ebea79678f26fa8f68f444,半夜カード
fb7d6cd6841f7e88a7d6094539dcf509,ハイパーメカタウカード
bc1e6e11b5f07a4043eed1eb8b2b5f6a,シュレディンガーカード
0058ada20fe418d01cfa1dae413395da,真：黒い疾病のディレジエカード
ecc6def32f586c89142de3726d0efeee,フェイスベルナルドカード
59e6cbf1215870d0cfa0648e00965fa9,凍りついた悲しみの王女カード
9935ceab77b86946e6bd353b5067acf2,アイアンエイムカード
b6c32b6bb9e92c5cf1708efad598c1e0,アイリスフォーチュンシンガーカード
c5f2bff4abb04c84d339b1b5142fd4e6,偵察中のメルタドロックカード
7a72ebaef1c81f831f3686bbcabdd74e,悲哀の顔 - ベルナルドカード
fe71d421fec8bb207b52804a568281b0,真：ディレジエの幻影カード
9352e3a07e78a12aa29fee5b90afa635,光のユークリッドカード
efd9521c30d2911b2b6f231f7c590899,グルトニーカード
413e23d00359099402e3c712ef334082,ハイパースピードジャケリネカード
21bdecc6508570de19f1e17334856052,青面修羅 ローズベリー・ローンカード
ca1fa361c944116595ff34ec3011f0d0,巨腕の王子ゴルゴタカード
d586731078745a3f0576778ecbc93fb3,心臓破滅者ヒカルドカード
620b3cfe0ec0802442a1709ec43562a4,磁力のポーラカード
7d0d98cf228022e60ea6f35f692590fd,剣士ラムバノグカード
e136835901a78f6c1f69be90b085d464,長足のロータスカード
11f89aa10104346b80ad69c763831958,建設者ルーク(闇)カード
655b589fe77fa2b81cc9bb027aea141f,スフェニノスカード
a89e1d643c794718bd0fdb22edda8259,アンジェ・ウェインカード
04f415fc5e9ad3d915b0e375925cc1b2,ヘビーティーチャーカード
93135051e92fa0c50e19cb257507869b,吸収のエゲーヌカード
f2f57c89c582a116695750a7fc6eec45,イカサマ師コリスカード
e6749bf09a62abec04221b0e95963506,将校マルセルカード
af564552038123dd4bc8988972823fbd,クアトロマヌスカード
452db07dd64f94c6158c420232dd4cfd,残骸のロドスカード
c5ee2d0930b7a7170d5100ad24aff486,全能のマテカカード
f1ae1519959fa4a53f3e64aa8f672737,炎火のクレイヴカード
c4d1d7999e7e0f6e0e0e538d76915e81,浸食された心臓破滅者ヒカルドカード
f17be33be62e183c02aea8388a15d9d3,超越のノルニールカード
85cce306a5c02c6f4655337179533450,クアトロマヌス mark-2カード
7c23a32d449053a4bca752b255877e20,アントンの心臓カード
ef8fcbd6cbfb49e0c63465f0f51dcead,白錆のシスレーカード
c56b2c9f1788b0769534bbb9062623e3,雲翼アリスカード
6f0d85aa200411dccd44036dcd39db23,魅惑のハニエールカード
c45b6571e275ee0f83bc5e14b95159b1,占い師ロサウラカード
ec3458eccea5f5aa0da729109726c8f5,憤怒の顔-ベルナルドカード
7725dec5255d34f9653f252d85376fe5,爆裂のバースターMKカード
1031cf97fdeee9a78a087e1316acd973,司祭長アラクカード
f42a6f7cd875cdb17c4c4d8dc19778cf,深淵のメデルカード
7451e91add516b6a0a34a76b52d11aa8,虫のデシャンカード
daca8c8138806c779fee2ace5e16e068,霊媒アイラックカード
d3b82275891d243ae21e9e7c78d492ed,殲滅のネールベカード
bf75daf5248da796a7bcfd6ca0f83dee,破綻のハボーブカード
bc002bbdfb65570c24cd07063d8ebd9d,アイアンビーストカード
ae4818f69b723ac83fd46b4e6d115104,偽装者ネロロッテカード
764a2a33780dc5022899c93544808d05,シロコの悪夢カード
7cd319ad2960ed6e0aac446ccadc8807,食い尽くすガスティカード
59210598861978bcb578ea514b0584e5,グラゴルカード
1a1e9a59fce620b57e295f664c33ca6f,ドッグヘッドカード
7532ea0444ce14dc96fc9c9371d99720,悪夢のネルーベカード
b34aeca027e8b70c4af67ba3e611b152,拘束されたケフロスカード
104685fbc90a150bc4c6baca9f0621d7,真：巨大ヌゴルカード
4a910e0608c61282023324517aea1f8e,真：ハイパーメカタウカード
b3e01ef196f8636b5cd06b39c5dc712a,彷徨うグルミカード
8f54669f0f21a22e0af011c8e76b83ba,バシリスクカード
cf31e1ed599509161cc402daefd16f13,愚かなシドルカード
0b698876b76c2e6a6b72cd3e7f48debf,光の偶像ホルスカード
c4e38ecebdc833b82aec06d087bf16d3,ザ・セブン・ミストラルカード
e5bbbff10f92f1778a0ceb83787d4657,黒煙のクレスカード
820f464c042e5a7a8bd7b4706c7deb19,月光を歩く者、ヤシンカード
2bb0b530ed2a5241b382fc3b6b3a01d4,偽装者ニルバス・グラシアカード
51c2961468df36783809446c01c0aeb7,夢の中のオールドハグカード
510050e995153187f8b2187b27701553,コスモフィンド：ローゼンカード
1d18d90b40c78f526d30a64123900445,ドミナ・ヘイリーカード
a8bbfb122835069c44dc31188a28b2ed,灰色のローゼンバーグカード
d4cc1b3b3047e9014af6ac9ad0497ffd,白華のマンダリンカード
4bd47e7909ccd5bb714335e648b90c87,狂信のディウェルベカード
3d2003f53f5e6ffbd50c2e963c335144,セイバーカード
4664c71ad96b808ced45fbb58034df60,ドゥルイド・ミアカード
2c143bc87ce3a1fb923a26f17276deb4,仮面の騎士カード
319f598fedf322bfee9f9f556a829f4e,燦爛たるアグネスカード
5b6c38f60e86dbc5bc730defb6e4fcfd,霧の中の暗殺者カード
cd335a70328168305a816f9edc18447f,フレイ＝イシスカード
ab1bc7f021b6d48675f4806ee35f90fd,野獣スリムカード
5c036ea1c603d4e348530d64a64022d2,暴風の恒星-ローゼンカード
9eb8e878715b067d64fb8e5f4ec735cd,星の守護者ゾディアックカード
31574da30d050ebf09499a97db8b80d8,アリス・ケリーカード
90bb3b7a211cdc7ed60c02753aeb0c50,金翅獅トリトゥラカード
77b948b7c26f014c81039aeb0fb77d19,悪女グレタカード
666aa2f477e6accfef9c04ef562c153d,氷河の恒星-ローゼンカード
971f3cdf93e2a086434647e3e3205532,天弓アレクサンドラカード
c1caadeff51f1e2ba6364ddc33f2d9e7,花の女王ブロッサムカード
d551889260d2c94ff6b2f9d8a4ff918e,火炎の恒星-ローゼンカード
7976534682737dce4ae827974953a372,無念のシロコ-ラステーカード
b6042fb87a652ed82df2332136b91039,超越の恒星-ローゼンカード
40afe283ad80c4c87405bea0d984efa3,ロキシーカード
e7c5f3ace304b730914b5a626bbcfc17,略奪者ロスオールカード
a50f545e95a47a37972c6169c950e1fc,銀光のタゴールカード
dc702e01ad68e89914291cf40a1bb903,次元術師ラキアカード
372194fcb1b24b24a7c25d054c5a7591,公義のネックスカード
d66a771f65fe42e045b1e23b476c68b9,使徒の力で暴走する小輪カード
05c8a526cc6518902fa94fa5363f3363,偽りのキルシュカード
15cc8efacefd2144f86fb7243c9e9fbe,夜の監視者Kカード
ba634d9059cfd69c070440104d3733ed,慈悲のビータカード
e1bf15f32e9ce1ca01b02f09ee804d93,真：長銃マックスカード
08fe013d76d9b2193ab5559ccb9fcda6,カザンに憑依されたローゼンバーグカード
a55de37a2f685d6b705bbb51c8dac9cd,建設者ルーク(光)カード
54e1cf0f4504c8585450250a6a44d965,赤鬼小輪カード
cbd00753d793aca629638313d199b004,名前を忘れた門番カード
5251fa9bcd5fbd6e2de23399de10af52,SD男鬼剣士カード
5201d3c851a10df3e7d0d44a614003c4,紅脚のアルケトカード
3f68771e13e60df9745a4c29bc669fb8,予言者エスラカード
5642196ab2755cad6e8500bb23b557cf,直撃のワーズワースカード
c636a4bba619cda12a65aac2f0d7873c,銀のハルバートカード
4d6289212e90c325702d594cfde42216,無言のシロコ-ギリーカード
79ab6e61562fec180a956806a148a1b9,黒い目のサルポザカード
4f3af033810fd5e0950a78a38b03c193,殉血者デヴァスタールカード
dfd809456c2d471af5878ff45cdb0e91,悟りし者ウーゾカード
9c4df3a60e23b0d27ceb866dca37a37e,SD女格闘家カード
a1bee178c334a3715d4bfa7cecaeb532,SD男メイジカード
def342bd18a63802209c9b5586e27bb2,SD女ガンナーカード
06aa9af3a9d9ee0c89749ede88d267ea,SDシーフカード
e86c939933cff2f6451652ba9e1b3d77,無我のシロコ-レベーチェカード
7e94953e1264a970e4275b4a1fdf50e3,傷跡で記憶される者カード
b834b415242aeeb9b949785f08adab1d,トゥラ＆タナカード
704d4c6097b218a1c488438aff37c123,SD女メイジカード
643903d3204489423a5c432564f7e26c,無形のシロコカード
cb14f7bd6be0bb0c2bac2835008dc0d1,黒き魔物の片鱗カード
d0531f605e822ca5df034bd48781177d,適応するジャゴスカード
2c20ea5a6502ef39ec0144ccc1bec98c,グリムシーカー・呪術師カード
50ade12da94d05efab4187337a82991b,SDクリエイターカード
df82565237e2123de54b4e00a183df8b,SDダークナイトカード
49150d2d5ba287c655af0d2ffe42228a,SD男プリーストカード
6a1a8ede856a5900b589da0dda7463fe,SDナイトカード
0b40b10fbee1df2ef4129880e79877c7,闘士クガイカード
17fa3a6d531feed5bb966689f4f8b958,SD男格闘家カード
0b4b48f80069e4a2b94bcdb5302a163e,SD男ガンナーカード
fb2bf71a60a98f7f5d632caf5b7fc4c4,モルジアナカード
7c2617f31b67c78cfceae5cedf9dfe34,闇のアクシオンカード
d3da5be400d9a93049532d963872a05e,SD女鬼剣士カード
316230ac8341ee70dadc6b07c720c352,汚れた星の公爵カード
c716040295116dbde9c0f41f5d7cd326,冷竜スカサカード
7d0a24acd5a7826fa9a1b3ed9d4c31a1,魔剣アポピースカード
921f2f0bd67adb3786ed3621c24b7f5b,融合型フィンドカード
23c4e59686af2834a43f9307dbda1f91,赤い獣シュブラスカード
cefea977515b1c7792cc8b74c5f32087,ベッキーカード
3ffa6086c2d3e2d91c627be09e7a7afe,溶岩怪虫カード
dfb01def40a7e06c8b1981a2159b5128,真：呪術師・ナザロカード
7a0c8830ea0149b1ab2fbbe42f9a76c3,ハンマー王ボロディーンカード
